[#1] Job #10 :: Eqp #F10,70.0,[#1] Job #10 :: Eqp #F16,1336.0,[#1] Job #10 :: Eqp #F27,2.0,[#1] Job #10 :: Eqp #F18,2.0,[#1] Job #10 :: Eqp #F29,91.0,[#1] Job #10 :: Eqp #F50,2.0,[#1] Job #10 :: Eqp #F55,51.0,[#1] Job #10 :: Eqp #F64,464.0,[#1] Job #11 :: Eqp #F01,451.0,[#1] Job #11 :: Eqp #F28,2.0,[#1] Job #11 :: Eqp #F17,2.0,[#1] Job #11 :: Eqp #F29,2.0,[#1] Job #11 :: Eqp #F49,2.0,[#1] Job #11 :: Eqp #F67,2.0,[#1] Job #11 :: Eqp #F70,2.0,[#1] Job #12 :: Eqp #F02,1263.0,[#1] Job #12 :: Eqp #F11,449.0,[#1] Job #12 :: Eqp #F26,2.0,[#1] Job #12 :: Eqp #F17,2.0,[#1] Job #12 :: Eqp #F30,2.0,[#1] Job #12 :: Eqp #F49,2.0,[#1] Job #12 :: Eqp #F55,2.0,[#1] Job #12 :: Eqp #F63,2.0,[#1] Job #12 :: Eqp #F71,600.0,[#1] Job #13 :: Eqp #F05,482.0,[#1] Job #13 :: Eqp #F27,2.0,[#1] Job #13 :: Eqp #F18,2.0,[#1] Job #13 :: Eqp #F31,2.0,[#1] Job #13 :: Eqp #F40,2.0,[#1] Job #13 :: Eqp #F50,2.0,[#1] Job #13 :: Eqp #F55,2.0,[#1] Job #13 :: Eqp #F64,2.0,[#1] Job #14 :: Eqp #F03,1461.0,[#1] Job #14 :: Eqp #F15,445.0,[#1] Job #14 :: Eqp #F27,2.0,[#1] Job #14 :: Eqp #F18,2.0,[#1] Job #14 :: Eqp #F29,2.0,[#1] Job #14 :: Eqp #F50,2.0,[#1] Job #14 :: Eqp #F66,436.0,[#1] Job #15 :: Eqp #F09,551.0,[#1] Job #15 :: Eqp #F25,169.0,[#1] Job #15 :: Eqp #F19,90.0,[#1] Job #15 :: Eqp #F30,2.0,[#1] Job #15 :: Eqp #F40,2.0,[#1] Job #15 :: Eqp #F49,2.0,[#1] Job #15 :: Eqp #F55,2.0,[#1] Job #15 :: Eqp #F65,2.0,[#1] Job #15 :: Eqp #F70,110.0,[#1] Job #16 :: Eqp #F10,583.0,[#1] Job #16 :: Eqp #F26,2.0,[#1] Job #16 :: Eqp #F30,2.0,[#1] Job #16 :: Eqp #F50,2.0,[#1] Job #16 :: Eqp #F65,2.0,[#1] Job #16 :: Eqp #F69,2.0,[#1] Job #17 :: Eqp #F06,905.0,[#1] Job #17 :: Eqp #F28,2.0,[#1] Job #17 :: Eqp #F32,2.0,[#1] Job #17 :: Eqp #F40,2.0,[#1] Job #17 :: Eqp #F49,2.0,[#1] Job #17 :: Eqp #F63,224.0,[#1] Job #18 :: Eqp #F04,872.0,[#1] Job #18 :: Eqp #F27,140.0,[#1] Job #18 :: Eqp #F17,2.0,[#1] Job #18 :: Eqp #F29,2.0,[#1] Job #18 :: Eqp #F50,2.0,[#1] Job #18 :: Eqp #F64,2.0,[#1] Job #18 :: Eqp #F69,2.0,[#1] Job #19 :: Eqp #F07,1045.0,[#1] Job #19 :: Eqp #F26,2.0,[#1] Job #19 :: Eqp #F18,2.0,[#1] Job #19 :: Eqp #F31,2.0,[#1] Job #19 :: Eqp #F49,158.0,[#1] Job #19 :: Eqp #F56,2.0,[#1] Job #19 :: Eqp #F63,315.0,[#1] Job #20 :: Eqp #F08,1428.0,[#1] Job #20 :: Eqp #F12,554.0,[#1] Job #20 :: Eqp #F25,2.0,[#1] Job #20 :: Eqp #F31,2.0,[#1] Job #20 :: Eqp #F49,2.0,[#1] Job #20 :: Eqp #F56,2.0,[#1] Job #20 :: Eqp #F67,405.0
[#2] Job #10 :: Eqp #F10,412.0,[#2] Job #10 :: Eqp #F25,2.0,[#2] Job #10 :: Eqp #F31,2.0,[#2] Job #10 :: Eqp #F51,2.0,[#2] Job #10 :: Eqp #F55,87.0,[#2] Job #10 :: Eqp #F65,2.0,[#2] Job #10 :: Eqp #F69,2.0,[#2] Job #11 :: Eqp #F01,110.0,[#2] Job #11 :: Eqp #F16,1172.0,[#2] Job #11 :: Eqp #F27,2.0,[#2] Job #11 :: Eqp #F17,2.0,[#2] Job #11 :: Eqp #F30,2.0,[#2] Job #11 :: Eqp #F40,2.0,[#2] Job #11 :: Eqp #F49,2.0,[#2] Job #11 :: Eqp #F55,2.0,[#2] Job #11 :: Eqp #F65,2.0,[#2] Job #11 :: Eqp #F69,2.0,[#2] Job #12 :: Eqp #F02,1087.0,[#2] Job #12 :: Eqp #F11,395.0,[#2] Job #12 :: Eqp #F25,2.0,[#2] Job #12 :: Eqp #F18,2.0,[#2] Job #12 :: Eqp #F29,2.0,[#2] Job #12 :: Eqp #F40,2.0,[#2] Job #12 :: Eqp #F49,2.0,[#2] Job #12 :: Eqp #F66,2.0,[#2] Job #12 :: Eqp #F70,83.0,[#2] Job #13 :: Eqp #F05,1248.0,[#2] Job #13 :: Eqp #F15,332.0,[#2] Job #13 :: Eqp #F26,2.0,[#2] Job #13 :: Eqp #F19,2.0,[#2] Job #13 :: Eqp #F32,2.0,[#2] Job #13 :: Eqp #F40,2.0,[#2] Job #13 :: Eqp #F50,2.0,[#2] Job #13 :: Eqp #F67,39.0,[#2] Job #14 :: Eqp #F03,582.0,[#2] Job #14 :: Eqp #F27,2.0,[#2] Job #14 :: Eqp #F17,2.0,[#2] Job #14 :: Eqp #F30,2.0,[#2] Job #14 :: Eqp #F40,2.0,[#2] Job #14 :: Eqp #F49,2.0,[#2] Job #14 :: Eqp #F56,104.0,[#2] Job #14 :: Eqp #F68,10.0,[#2] Job #14 :: Eqp #F71,160.0,[#2] Job #15 :: Eqp #F09,571.0,[#2] Job #15 :: Eqp #F26,172.0,[#2] Job #15 :: Eqp #F34,2.0,[#2] Job #15 :: Eqp #F50,85.0,[#2] Job #15 :: Eqp #F57,2.0,[#2] Job #15 :: Eqp #F64,2.0,[#2] Job #15 :: Eqp #F71,2.0,[#2] Job #16 :: Eqp #F06,690.0,[#2] Job #16 :: Eqp #F28,2.0,[#2] Job #16 :: Eqp #F35,27.0,[#2] Job #16 :: Eqp #F49,2.0,[#2] Job #16 :: Eqp #F56,2.0,[#2] Job #16 :: Eqp #F65,2.0,[#2] Job #17 :: Eqp #F04,1292.0,[#2] Job #17 :: Eqp #F13,356.0,[#2] Job #17 :: Eqp #F27,2.0,[#2] Job #17 :: Eqp #F31,2.0,[#2] Job #17 :: Eqp #F50,2.0,[#2] Job #17 :: Eqp #F64,226.0,[#2] Job #18 :: Eqp #F07,1401.0,[#2] Job #18 :: Eqp #F12,240.0,[#2] Job #18 :: Eqp #F28,2.0,[#2] Job #18 :: Eqp #F17,2.0,[#2] Job #18 :: Eqp #F30,2.0,[#2] Job #18 :: Eqp #F49,2.0,[#2] Job #18 :: Eqp #F63,40.0,[#2] Job #19 :: Eqp #F01,1546.0,[#2] Job #19 :: Eqp #F16,349.0,[#2] Job #19 :: Eqp #F25,2.0,[#2] Job #19 :: Eqp #F18,2.0,[#2] Job #19 :: Eqp #F29,2.0,[#2] Job #19 :: Eqp #F49,2.0,[#2] Job #19 :: Eqp #F55,2.0,[#2] Job #19 :: Eqp #F63,2.0,[#2] Job #19 :: Eqp #F69,2.0,[#2] Job #20 :: Eqp #F08,759.0,[#2] Job #20 :: Eqp #F25,2.0,[#2] Job #20 :: Eqp #F29,2.0,[#2] Job #20 :: Eqp #F51,40.0,[#2] Job #20 :: Eqp #F55,2.0,[#2] Job #20 :: Eqp #F66,79.0,[#2] Job #20 :: Eqp #F69,49.0
[#3] Job #10 :: Eqp #F10,442.0,[#3] Job #10 :: Eqp #F25,2.0,[#3] Job #10 :: Eqp #F17,2.0,[#3] Job #10 :: Eqp #F34,2.0,[#3] Job #10 :: Eqp #F51,2.0,[#3] Job #10 :: Eqp #F55,2.0,[#3] Job #10 :: Eqp #F64,2.0,[#3] Job #10 :: Eqp #F70,2.0,[#3] Job #11 :: Eqp #F01,493.0,[#3] Job #11 :: Eqp #F26,2.0,[#3] Job #11 :: Eqp #F29,66.0,[#3] Job #11 :: Eqp #F40,2.0,[#3] Job #11 :: Eqp #F50,2.0,[#3] Job #11 :: Eqp #F65,2.0,[#3] Job #11 :: Eqp #F69,2.0,[#3] Job #12 :: Eqp #F02,108.0,[#3] Job #12 :: Eqp #F15,1454.0,[#3] Job #12 :: Eqp #F25,2.0,[#3] Job #12 :: Eqp #F32,2.0,[#3] Job #12 :: Eqp #F40,2.0,[#3] Job #12 :: Eqp #F51,2.0,[#3] Job #12 :: Eqp #F57,2.0,[#3] Job #12 :: Eqp #F66,2.0,[#3] Job #12 :: Eqp #F70,48.0,[#3] Job #13 :: Eqp #F05,692.0,[#3] Job #13 :: Eqp #F28,2.0,[#3] Job #13 :: Eqp #F33,23.0,[#3] Job #13 :: Eqp #F40,2.0,[#3] Job #13 :: Eqp #F52,44.0,[#3] Job #13 :: Eqp #F66,2.0,[#3] Job #14 :: Eqp #F09,797.0,[#3] Job #14 :: Eqp #F25,2.0,[#3] Job #14 :: Eqp #F31,2.0,[#3] Job #14 :: Eqp #F40,2.0,[#3] Job #14 :: Eqp #F50,2.0,[#3] Job #14 :: Eqp #F56,2.0,[#3] Job #14 :: Eqp #F63,112.0,[#3] Job #15 :: Eqp #F03,120.0,[#3] Job #15 :: Eqp #F16,1847.0,[#3] Job #15 :: Eqp #F26,2.0,[#3] Job #15 :: Eqp #F17,2.0,[#3] Job #15 :: Eqp #F31,2.0,[#3] Job #15 :: Eqp #F40,2.0,[#3] Job #15 :: Eqp #F50,2.0,[#3] Job #15 :: Eqp #F64,2.0,[#3] Job #15 :: Eqp #F70,2.0,[#3] Job #16 :: Eqp #F06,1214.0,[#3] Job #16 :: Eqp #F11,760.0,[#3] Job #16 :: Eqp #F28,2.0,[#3] Job #16 :: Eqp #F30,2.0,[#3] Job #16 :: Eqp #F40,2.0,[#3] Job #16 :: Eqp #F49,2.0,[#3] Job #16 :: Eqp #F55,2.0,[#3] Job #16 :: Eqp #F65,2.0,[#3] Job #16 :: Eqp #F69,2.0,[#3] Job #17 :: Eqp #F04,879.0,[#3] Job #17 :: Eqp #F27,2.0,[#3] Job #17 :: Eqp #F32,2.0,[#3] Job #17 :: Eqp #F40,2.0,[#3] Job #17 :: Eqp #F49,2.0,[#3] Job #17 :: Eqp #F65,2.0,[#3] Job #17 :: Eqp #F69,80.0,[#3] Job #18 :: Eqp #F08,864.0,[#3] Job #18 :: Eqp #F26,141.0,[#3] Job #18 :: Eqp #F35,2.0,[#3] Job #18 :: Eqp #F40,2.0,[#3] Job #18 :: Eqp #F50,2.0,[#3] Job #18 :: Eqp #F66,333.0,[#3] Job #19 :: Eqp #F02,1167.0,[#3] Job #19 :: Eqp #F25,2.0,[#3] Job #19 :: Eqp #F29,2.0,[#3] Job #19 :: Eqp #F40,2.0,[#3] Job #19 :: Eqp #F49,2.0,[#3] Job #19 :: Eqp #F55,2.0,[#3] Job #19 :: Eqp #F63,2.0,[#3] Job #20 :: Eqp #F03,1435.0,[#3] Job #20 :: Eqp #F26,2.0,[#3] Job #20 :: Eqp #F31,2.0,[#3] Job #20 :: Eqp #F40,2.0,[#3] Job #20 :: Eqp #F49,2.0,[#3] Job #20 :: Eqp #F55,2.0,[#3] Job #20 :: Eqp #F63,2.0,[#3] Job #20 :: Eqp #F69,38.0
[#4] Job #10 :: Eqp #F10,70.0,[#4] Job #10 :: Eqp #F16,789.0,[#4] Job #10 :: Eqp #F26,2.0,[#4] Job #10 :: Eqp #F33,2.0,[#4] Job #10 :: Eqp #F54,61.0,[#4] Job #10 :: Eqp #F65,2.0,[#4] Job #10 :: Eqp #F69,291.0,[#4] Job #11 :: Eqp #F01,943.0,[#4] Job #11 :: Eqp #F11,540.0,[#4] Job #11 :: Eqp #F26,2.0,[#4] Job #11 :: Eqp #F20,2.0,[#4] Job #11 :: Eqp #F34,236.0,[#4] Job #11 :: Eqp #F50,2.0,[#4] Job #11 :: Eqp #F55,2.0,[#4] Job #11 :: Eqp #F65,263.0,[#4] Job #12 :: Eqp #F02,1102.0,[#4] Job #12 :: Eqp #F15,224.0,[#4] Job #12 :: Eqp #F28,2.0,[#4] Job #12 :: Eqp #F19,2.0,[#4] Job #12 :: Eqp #F33,235.0,[#4] Job #12 :: Eqp #F51,2.0,[#4] Job #12 :: Eqp #F65,2.0,[#4] Job #13 :: Eqp #F05,1156.0,[#4] Job #13 :: Eqp #F16,314.0,[#4] Job #13 :: Eqp #F27,2.0,[#4] Job #13 :: Eqp #F31,95.0,[#4] Job #13 :: Eqp #F40,2.0,[#4] Job #13 :: Eqp #F49,2.0,[#4] Job #13 :: Eqp #F57,2.0,[#4] Job #13 :: Eqp #F66,2.0,[#4] Job #13 :: Eqp #F71,328.0,[#4] Job #14 :: Eqp #F03,410.0,[#4] Job #14 :: Eqp #F27,2.0,[#4] Job #14 :: Eqp #F19,2.0,[#4] Job #14 :: Eqp #F29,2.0,[#4] Job #14 :: Eqp #F40,2.0,[#4] Job #14 :: Eqp #F49,2.0,[#4] Job #14 :: Eqp #F63,41.0,[#4] Job #15 :: Eqp #F09,398.0,[#4] Job #15 :: Eqp #F26,172.0,[#4] Job #15 :: Eqp #F18,2.0,[#4] Job #15 :: Eqp #F32,2.0,[#4] Job #15 :: Eqp #F40,2.0,[#4] Job #15 :: Eqp #F53,2.0,[#4] Job #15 :: Eqp #F57,2.0,[#4] Job #15 :: Eqp #F63,174.0,[#4] Job #16 :: Eqp #F10,1200.0,[#4] Job #16 :: Eqp #F12,427.0,[#4] Job #16 :: Eqp #F25,2.0,[#4] Job #16 :: Eqp #F29,2.0,[#4] Job #16 :: Eqp #F40,2.0,[#4] Job #16 :: Eqp #F52,2.0,[#4] Job #16 :: Eqp #F55,2.0,[#4] Job #16 :: Eqp #F63,118.0,[#4] Job #17 :: Eqp #F06,1312.0,[#4] Job #17 :: Eqp #F13,424.0,[#4] Job #17 :: Eqp #F28,2.0,[#4] Job #17 :: Eqp #F18,2.0,[#4] Job #17 :: Eqp #F31,2.0,[#4] Job #17 :: Eqp #F51,2.0,[#4] Job #17 :: Eqp #F64,157.0,[#4] Job #18 :: Eqp #F04,501.0,[#4] Job #18 :: Eqp #F28,2.0,[#4] Job #18 :: Eqp #F17,2.0,[#4] Job #18 :: Eqp #F30,2.0,[#4] Job #18 :: Eqp #F50,2.0,[#4] Job #18 :: Eqp #F55,2.0,[#4] Job #18 :: Eqp #F66,231.0,[#4] Job #19 :: Eqp #F07,534.0,[#4] Job #19 :: Eqp #F25,2.0,[#4] Job #19 :: Eqp #F20,2.0,[#4] Job #19 :: Eqp #F34,2.0,[#4] Job #19 :: Eqp #F51,2.0,[#4] Job #19 :: Eqp #F56,2.0,[#4] Job #19 :: Eqp #F64,2.0,[#4] Job #20 :: Eqp #F08,1528.0,[#4] Job #20 :: Eqp #F14,94.0,[#4] Job #20 :: Eqp #F26,2.0,[#4] Job #20 :: Eqp #F17,2.0,[#4] Job #20 :: Eqp #F30,2.0,[#4] Job #20 :: Eqp #F49,2.0,[#4] Job #20 :: Eqp #F56,2.0,[#4] Job #20 :: Eqp #F66,2.0,[#4] Job #20 :: Eqp #F69,197.0
[#5] Job #10 :: Eqp #F10,626.0,[#5] Job #10 :: Eqp #F25,2.0,[#5] Job #10 :: Eqp #F33,2.0,[#5] Job #10 :: Eqp #F50,2.0,[#5] Job #10 :: Eqp #F63,214.0,[#5] Job #10 :: Eqp #F70,2.0,[#5] Job #11 :: Eqp #F01,106.0,[#5] Job #11 :: Eqp #F14,703.0,[#5] Job #11 :: Eqp #F25,192.0,[#5] Job #11 :: Eqp #F18,2.0,[#5] Job #11 :: Eqp #F32,2.0,[#5] Job #11 :: Eqp #F40,2.0,[#5] Job #11 :: Eqp #F49,2.0,[#5] Job #11 :: Eqp #F55,2.0,[#5] Job #11 :: Eqp #F66,2.0,[#5] Job #11 :: Eqp #F69,2.0,[#5] Job #12 :: Eqp #F02,112.0,[#5] Job #12 :: Eqp #F15,977.0,[#5] Job #12 :: Eqp #F28,2.0,[#5] Job #12 :: Eqp #F17,163.0,[#5] Job #12 :: Eqp #F36,232.0,[#5] Job #12 :: Eqp #F41,2.0,[#5] Job #12 :: Eqp #F49,2.0,[#5] Job #12 :: Eqp #F56,2.0,[#5] Job #12 :: Eqp #F66,36.0,[#5] Job #13 :: Eqp #F05,146.0,[#5] Job #13 :: Eqp #F16,1160.0,[#5] Job #13 :: Eqp #F25,228.0,[#5] Job #13 :: Eqp #F33,10.0,[#5] Job #13 :: Eqp #F40,2.0,[#5] Job #13 :: Eqp #F49,2.0,[#5] Job #13 :: Eqp #F67,47.0,[#5] Job #13 :: Eqp #F69,190.0,[#5] Job #14 :: Eqp #F03,645.0,[#5] Job #14 :: Eqp #F26,2.0,[#5] Job #14 :: Eqp #F29,2.0,[#5] Job #14 :: Eqp #F49,2.0,[#5] Job #14 :: Eqp #F55,2.0,[#5] Job #14 :: Eqp #F64,2.0,[#5] Job #15 :: Eqp #F04,945.0,[#5] Job #15 :: Eqp #F11,464.0,[#5] Job #15 :: Eqp #F26,2.0,[#5] Job #15 :: Eqp #F35,2.0,[#5] Job #15 :: Eqp #F50,2.0,[#5] Job #15 :: Eqp #F64,68.0,[#5] Job #15 :: Eqp #F71,45.0,[#5] Job #16 :: Eqp #F07,1054.0,[#5] Job #16 :: Eqp #F14,545.0,[#5] Job #16 :: Eqp #F28,2.0,[#5] Job #16 :: Eqp #F17,2.0,[#5] Job #16 :: Eqp #F30,2.0,[#5] Job #16 :: Eqp #F51,2.0,[#5] Job #16 :: Eqp #F63,169.0,[#5] Job #17 :: Eqp #F08,1174.0,[#5] Job #17 :: Eqp #F12,519.0,[#5] Job #17 :: Eqp #F27,2.0,[#5] Job #17 :: Eqp #F29,2.0,[#5] Job #17 :: Eqp #F40,2.0,[#5] Job #17 :: Eqp #F50,2.0,[#5] Job #17 :: Eqp #F55,2.0,[#5] Job #17 :: Eqp #F64,140.0,[#5] Job #18 :: Eqp #F01,802.0,[#5] Job #18 :: Eqp #F27,2.0,[#5] Job #18 :: Eqp #F19,2.0,[#5] Job #18 :: Eqp #F30,2.0,[#5] Job #18 :: Eqp #F49,2.0,[#5] Job #18 :: Eqp #F56,2.0,[#5] Job #18 :: Eqp #F64,2.0,[#5] Job #18 :: Eqp #F69,2.0,[#5] Job #19 :: Eqp #F02,1348.0,[#5] Job #19 :: Eqp #F15,416.0,[#5] Job #19 :: Eqp #F26,2.0,[#5] Job #19 :: Eqp #F18,2.0,[#5] Job #19 :: Eqp #F32,2.0,[#5] Job #19 :: Eqp #F49,2.0,[#5] Job #19 :: Eqp #F65,190.0,[#5] Job #20 :: Eqp #F05,1396.0,[#5] Job #20 :: Eqp #F13,527.0,[#5] Job #20 :: Eqp #F25,2.0,[#5] Job #20 :: Eqp #F31,2.0,[#5] Job #20 :: Eqp #F40,2.0,[#5] Job #20 :: Eqp #F50,2.0,[#5] Job #20 :: Eqp #F55,2.0,[#5] Job #20 :: Eqp #F63,76.0,[#5] Job #20 :: Eqp #F69,2.0
[#6] Job #10 :: Eqp #F10,653.0,[#6] Job #10 :: Eqp #F11,604.0,[#6] Job #10 :: Eqp #F25,2.0,[#6] Job #10 :: Eqp #F18,2.0,[#6] Job #10 :: Eqp #F33,2.0,[#6] Job #10 :: Eqp #F49,2.0,[#6] Job #10 :: Eqp #F64,179.0,[#6] Job #11 :: Eqp #F01,973.0,[#6] Job #11 :: Eqp #F12,309.0,[#6] Job #11 :: Eqp #F28,2.0,[#6] Job #11 :: Eqp #F31,2.0,[#6] Job #11 :: Eqp #F50,2.0,[#6] Job #11 :: Eqp #F65,307.0,[#6] Job #11 :: Eqp #F70,295.0,[#6] Job #12 :: Eqp #F02,112.0,[#6] Job #12 :: Eqp #F28,2.0,[#6] Job #12 :: Eqp #F31,2.0,[#6] Job #12 :: Eqp #F51,42.0,[#6] Job #12 :: Eqp #F64,2.0,[#6] Job #13 :: Eqp #F05,991.0,[#6] Job #13 :: Eqp #F13,594.0,[#6] Job #13 :: Eqp #F26,275.0,[#6] Job #13 :: Eqp #F34,2.0,[#6] Job #13 :: Eqp #F40,2.0,[#6] Job #13 :: Eqp #F49,2.0,[#6] Job #13 :: Eqp #F55,2.0,[#6] Job #13 :: Eqp #F63,25.0,[#6] Job #13 :: Eqp #F70,2.0,[#6] Job #14 :: Eqp #F03,1081.0,[#6] Job #14 :: Eqp #F15,521.0,[#6] Job #14 :: Eqp #F27,2.0,[#6] Job #14 :: Eqp #F30,93.0,[#6] Job #14 :: Eqp #F50,2.0,[#6] Job #14 :: Eqp #F55,2.0,[#6] Job #14 :: Eqp #F63,56.0,[#6] Job #14 :: Eqp #F69,100.0,[#6] Job #15 :: Eqp #F09,378.0,[#6] Job #15 :: Eqp #F25,2.0,[#6] Job #15 :: Eqp #F18,2.0,[#6] Job #15 :: Eqp #F33,2.0,[#6] Job #15 :: Eqp #F49,2.0,[#6] Job #15 :: Eqp #F64,2.0,[#6] Job #15 :: Eqp #F69,2.0,[#6] Job #16 :: Eqp #F06,1464.0,[#6] Job #16 :: Eqp #F14,112.0,[#6] Job #16 :: Eqp #F28,2.0,[#6] Job #16 :: Eqp #F35,14.0,[#6] Job #16 :: Eqp #F51,2.0,[#6] Job #16 :: Eqp #F67,264.0,[#6] Job #17 :: Eqp #F04,1441.0,[#6] Job #17 :: Eqp #F16,169.0,[#6] Job #17 :: Eqp #F25,2.0,[#6] Job #17 :: Eqp #F18,2.0,[#6] Job #17 :: Eqp #F29,2.0,[#6] Job #17 :: Eqp #F41,2.0,[#6] Job #17 :: Eqp #F50,2.0,[#6] Job #17 :: Eqp #F64,16.0,[#6] Job #18 :: Eqp #F07,1456.0,[#6] Job #18 :: Eqp #F11,496.0,[#6] Job #18 :: Eqp #F27,2.0,[#6] Job #18 :: Eqp #F17,2.0,[#6] Job #18 :: Eqp #F29,2.0,[#6] Job #18 :: Eqp #F40,2.0,[#6] Job #18 :: Eqp #F49,2.0,[#6] Job #18 :: Eqp #F63,2.0,[#6] Job #19 :: Eqp #F08,417.0,[#6] Job #19 :: Eqp #F26,2.0,[#6] Job #19 :: Eqp #F32,2.0,[#6] Job #19 :: Eqp #F49,2.0,[#6] Job #19 :: Eqp #F63,2.0,[#6] Job #19 :: Eqp #F69,2.0,[#6] Job #20 :: Eqp #F02,577.0,[#6] Job #20 :: Eqp #F27,2.0,[#6] Job #20 :: Eqp #F31,2.0,[#6] Job #20 :: Eqp #F40,2.0,[#6] Job #20 :: Eqp #F51,2.0,[#6] Job #20 :: Eqp #F65,2.0,[#6] Job #20 :: Eqp #F70,2.0
[#7] Job #10 :: Eqp #F10,650.0,[#7] Job #10 :: Eqp #F13,663.0,[#7] Job #10 :: Eqp #F28,2.0,[#7] Job #10 :: Eqp #F32,98.0,[#7] Job #10 :: Eqp #F51,194.0,[#7] Job #10 :: Eqp #F66,2.0,[#7] Job #10 :: Eqp #F69,642.0,[#7] Job #11 :: Eqp #F01,691.0,[#7] Job #11 :: Eqp #F12,717.0,[#7] Job #11 :: Eqp #F27,140.0,[#7] Job #11 :: Eqp #F33,2.0,[#7] Job #11 :: Eqp #F49,183.0,[#7] Job #11 :: Eqp #F55,2.0,[#7] Job #11 :: Eqp #F64,104.0,[#7] Job #11 :: Eqp #F70,531.0,[#7] Job #12 :: Eqp #F02,907.0,[#7] Job #12 :: Eqp #F15,545.0,[#7] Job #12 :: Eqp #F26,2.0,[#7] Job #12 :: Eqp #F17,2.0,[#7] Job #12 :: Eqp #F30,2.0,[#7] Job #12 :: Eqp #F40,2.0,[#7] Job #12 :: Eqp #F51,2.0,[#7] Job #12 :: Eqp #F56,2.0,[#7] Job #12 :: Eqp #F67,496.0,[#7] Job #13 :: Eqp #F05,1091.0,[#7] Job #13 :: Eqp #F16,601.0,[#7] Job #13 :: Eqp #F28,2.0,[#7] Job #13 :: Eqp #F18,2.0,[#7] Job #13 :: Eqp #F31,2.0,[#7] Job #13 :: Eqp #F49,2.0,[#7] Job #13 :: Eqp #F55,2.0,[#7] Job #13 :: Eqp #F68,2.0,[#7] Job #13 :: Eqp #F71,506.0,[#7] Job #14 :: Eqp #F03,115.0,[#7] Job #14 :: Eqp #F27,2.0,[#7] Job #14 :: Eqp #F17,2.0,[#7] Job #14 :: Eqp #F29,66.0,[#7] Job #14 :: Eqp #F40,2.0,[#7] Job #14 :: Eqp #F50,2.0,[#7] Job #14 :: Eqp #F64,2.0,[#7] Job #14 :: Eqp #F69,2.0,[#7] Job #15 :: Eqp #F06,147.0,[#7] Job #15 :: Eqp #F28,2.0,[#7] Job #15 :: Eqp #F18,2.0,[#7] Job #15 :: Eqp #F31,2.0,[#7] Job #15 :: Eqp #F41,2.0,[#7] Job #15 :: Eqp #F49,2.0,[#7] Job #15 :: Eqp #F56,2.0,[#7] Job #15 :: Eqp #F64,217.0,[#7] Job #16 :: Eqp #F04,1021.0,[#7] Job #16 :: Eqp #F14,648.0,[#7] Job #16 :: Eqp #F25,2.0,[#7] Job #16 :: Eqp #F29,2.0,[#7] Job #16 :: Eqp #F40,2.0,[#7] Job #16 :: Eqp #F50,5.0,[#7] Job #16 :: Eqp #F66,502.0,[#7] Job #17 :: Eqp #F07,1303.0,[#7] Job #17 :: Eqp #F11,435.0,[#7] Job #17 :: Eqp #F26,2.0,[#7] Job #17 :: Eqp #F17,2.0,[#7] Job #17 :: Eqp #F30,2.0,[#7] Job #17 :: Eqp #F50,2.0,[#7] Job #17 :: Eqp #F65,2.0,[#7] Job #17 :: Eqp #F72,587.0,[#7] Job #18 :: Eqp #F08,376.0,[#7] Job #18 :: Eqp #F25,2.0,[#7] Job #18 :: Eqp #F19,2.0,[#7] Job #18 :: Eqp #F32,2.0,[#7] Job #18 :: Eqp #F50,2.0,[#7] Job #18 :: Eqp #F55,60.0,[#7] Job #18 :: Eqp #F63,49.0,[#7] Job #19 :: Eqp #F03,1507.0,[#7] Job #19 :: Eqp #F13,553.0,[#7] Job #19 :: Eqp #F27,14.0,[#7] Job #19 :: Eqp #F29,2.0,[#7] Job #19 :: Eqp #F49,2.0,[#7] Job #19 :: Eqp #F63,381.0,[#7] Job #20 :: Eqp #F06,782.0,[#7] Job #20 :: Eqp #F26,194.0,[#7] Job #20 :: Eqp #F31,2.0,[#7] Job #20 :: Eqp #F51,40.0,[#7] Job #20 :: Eqp #F68,414.0
[#8] Job #10 :: Eqp #F10,464.0,[#8] Job #10 :: Eqp #F28,2.0,[#8] Job #10 :: Eqp #F32,2.0,[#8] Job #10 :: Eqp #F40,2.0,[#8] Job #10 :: Eqp #F50,2.0,[#8] Job #10 :: Eqp #F64,2.0,[#8] Job #10 :: Eqp #F70,2.0,[#8] Job #11 :: Eqp #F01,110.0,[#8] Job #11 :: Eqp #F16,1371.0,[#8] Job #11 :: Eqp #F25,2.0,[#8] Job #11 :: Eqp #F17,2.0,[#8] Job #11 :: Eqp #F30,2.0,[#8] Job #11 :: Eqp #F49,2.0,[#8] Job #11 :: Eqp #F64,2.0,[#8] Job #12 :: Eqp #F02,1044.0,[#8] Job #12 :: Eqp #F11,690.0,[#8] Job #12 :: Eqp #F28,2.0,[#8] Job #12 :: Eqp #F18,2.0,[#8] Job #12 :: Eqp #F31,2.0,[#8] Job #12 :: Eqp #F40,2.0,[#8] Job #12 :: Eqp #F49,2.0,[#8] Job #12 :: Eqp #F64,2.0,[#8] Job #12 :: Eqp #F69,2.0,[#8] Job #13 :: Eqp #F05,493.0,[#8] Job #13 :: Eqp #F26,2.0,[#8] Job #13 :: Eqp #F17,2.0,[#8] Job #13 :: Eqp #F30,2.0,[#8] Job #13 :: Eqp #F40,2.0,[#8] Job #13 :: Eqp #F50,2.0,[#8] Job #13 :: Eqp #F63,2.0,[#8] Job #13 :: Eqp #F69,2.0,[#8] Job #14 :: Eqp #F03,494.0,[#8] Job #14 :: Eqp #F27,2.0,[#8] Job #14 :: Eqp #F19,2.0,[#8] Job #14 :: Eqp #F32,2.0,[#8] Job #14 :: Eqp #F49,2.0,[#8] Job #14 :: Eqp #F55,2.0,[#8] Job #14 :: Eqp #F66,2.0,[#8] Job #14 :: Eqp #F70,2.0,[#8] Job #15 :: Eqp #F09,556.0,[#8] Job #15 :: Eqp #F25,2.0,[#8] Job #15 :: Eqp #F18,2.0,[#8] Job #15 :: Eqp #F34,2.0,[#8] Job #15 :: Eqp #F51,42.0,[#8] Job #15 :: Eqp #F64,2.0,[#8] Job #16 :: Eqp #F06,1051.0,[#8] Job #16 :: Eqp #F12,676.0,[#8] Job #16 :: Eqp #F26,2.0,[#8] Job #16 :: Eqp #F17,2.0,[#8] Job #16 :: Eqp #F29,2.0,[#8] Job #16 :: Eqp #F50,2.0,[#8] Job #16 :: Eqp #F65,2.0,[#8] Job #16 :: Eqp #F71,89.0,[#8] Job #17 :: Eqp #F04,857.0,[#8] Job #17 :: Eqp #F28,2.0,[#8] Job #17 :: Eqp #F31,2.0,[#8] Job #17 :: Eqp #F40,2.0,[#8] Job #17 :: Eqp #F49,2.0,[#8] Job #17 :: Eqp #F65,2.0,[#8] Job #17 :: Eqp #F71,2.0,[#8] Job #18 :: Eqp #F07,1390.0,[#8] Job #18 :: Eqp #F13,98.0,[#8] Job #18 :: Eqp #F27,2.0,[#8] Job #18 :: Eqp #F29,81.0,[#8] Job #18 :: Eqp #F40,2.0,[#8] Job #18 :: Eqp #F50,2.0,[#8] Job #18 :: Eqp #F55,2.0,[#8] Job #18 :: Eqp #F63,2.0,[#8] Job #18 :: Eqp #F69,2.0,[#8] Job #19 :: Eqp #F01,809.0,[#8] Job #19 :: Eqp #F26,2.0,[#8] Job #19 :: Eqp #F17,2.0,[#8] Job #19 :: Eqp #F29,2.0,[#8] Job #19 :: Eqp #F40,2.0,[#8] Job #19 :: Eqp #F50,2.0,[#8] Job #19 :: Eqp #F63,41.0,[#8] Job #20 :: Eqp #F08,1459.0,[#8] Job #20 :: Eqp #F15,356.0,[#8] Job #20 :: Eqp #F25,2.0,[#8] Job #20 :: Eqp #F19,2.0,[#8] Job #20 :: Eqp #F30,2.0,[#8] Job #20 :: Eqp #F40,2.0,[#8] Job #20 :: Eqp #F51,2.0,[#8] Job #20 :: Eqp #F63,2.0,[#8] Job #20 :: Eqp #F70,2.0
[#9] Job #10 :: Eqp #F10,493.0,[#9] Job #10 :: Eqp #F26,141.0,[#9] Job #10 :: Eqp #F17,2.0,[#9] Job #10 :: Eqp #F34,2.0,[#9] Job #10 :: Eqp #F41,2.0,[#9] Job #10 :: Eqp #F50,2.0,[#9] Job #10 :: Eqp #F66,2.0,[#9] Job #10 :: Eqp #F69,2.0,[#9] Job #11 :: Eqp #F01,687.0,[#9] Job #11 :: Eqp #F25,2.0,[#9] Job #11 :: Eqp #F33,23.0,[#9] Job #11 :: Eqp #F49,2.0,[#9] Job #11 :: Eqp #F56,2.0,[#9] Job #11 :: Eqp #F65,300.0,[#9] Job #11 :: Eqp #F70,81.0,[#9] Job #12 :: Eqp #F09,858.0,[#9] Job #12 :: Eqp #F28,2.0,[#9] Job #12 :: Eqp #F30,2.0,[#9] Job #12 :: Eqp #F40,2.0,[#9] Job #12 :: Eqp #F49,2.0,[#9] Job #12 :: Eqp #F55,2.0,[#9] Job #12 :: Eqp #F67,40.0,[#9] Job #13 :: Eqp #F02,79.0,[#9] Job #13 :: Eqp #F14,1969.0,[#9] Job #13 :: Eqp #F26,2.0,[#9] Job #13 :: Eqp #F33,2.0,[#9] Job #13 :: Eqp #F49,2.0,[#9] Job #13 :: Eqp #F66,2.0,[#9] Job #13 :: Eqp #F71,2.0,[#9] Job #14 :: Eqp #F05,1070.0,[#9] Job #14 :: Eqp #F26,2.0,[#9] Job #14 :: Eqp #F29,2.0,[#9] Job #14 :: Eqp #F40,2.0,[#9] Job #14 :: Eqp #F49,2.0,[#9] Job #14 :: Eqp #F55,2.0,[#9] Job #14 :: Eqp #F63,2.0,[#9] Job #15 :: Eqp #F03,1089.0,[#9] Job #15 :: Eqp #F27,2.0,[#9] Job #15 :: Eqp #F17,2.0,[#9] Job #15 :: Eqp #F30,2.0,[#9] Job #15 :: Eqp #F40,2.0,[#9] Job #15 :: Eqp #F50,2.0,[#9] Job #15 :: Eqp #F55,2.0,[#9] Job #15 :: Eqp #F64,2.0,[#9] Job #16 :: Eqp #F06,144.0,[#9] Job #16 :: Eqp #F15,1897.0,[#9] Job #16 :: Eqp #F25,2.0,[#9] Job #16 :: Eqp #F17,2.0,[#9] Job #16 :: Eqp #F29,2.0,[#9] Job #16 :: Eqp #F49,2.0,[#9] Job #16 :: Eqp #F65,2.0,[#9] Job #16 :: Eqp #F69,2.0,[#9] Job #17 :: Eqp #F04,1118.0,[#9] Job #17 :: Eqp #F25,2.0,[#9] Job #17 :: Eqp #F18,2.0,[#9] Job #17 :: Eqp #F33,181.0,[#9] Job #17 :: Eqp #F49,2.0,[#9] Job #17 :: Eqp #F63,2.0,[#9] Job #18 :: Eqp #F02,1179.0,[#9] Job #18 :: Eqp #F28,2.0,[#9] Job #18 :: Eqp #F19,2.0,[#9] Job #18 :: Eqp #F29,2.0,[#9] Job #18 :: Eqp #F40,2.0,[#9] Job #18 :: Eqp #F51,116.0,[#9] Job #18 :: Eqp #F56,2.0,[#9] Job #18 :: Eqp #F64,2.0,[#9] Job #19 :: Eqp #F06,1618.0,[#9] Job #19 :: Eqp #F28,2.0,[#9] Job #19 :: Eqp #F18,2.0,[#9] Job #19 :: Eqp #F30,2.0,[#9] Job #19 :: Eqp #F51,2.0,[#9] Job #19 :: Eqp #F56,2.0,[#9] Job #19 :: Eqp #F64,2.0,[#9] Job #19 :: Eqp #F70,2.0,[#9] Job #20 :: Eqp #F10,70.0,[#9] Job #20 :: Eqp #F16,1616.0,[#9] Job #20 :: Eqp #F27,2.0,[#9] Job #20 :: Eqp #F32,2.0,[#9] Job #20 :: Eqp #F40,2.0,[#9] Job #20 :: Eqp #F50,2.0,[#9] Job #20 :: Eqp #F55,2.0,[#9] Job #20 :: Eqp #F63,22.0
[#10] Job #10 :: Eqp #F10,31.0,[#10] Job #10 :: Eqp #F13,1114.0,[#10] Job #10 :: Eqp #F28,2.0,[#10] Job #10 :: Eqp #F29,102.0,[#10] Job #10 :: Eqp #F40,2.0,[#10] Job #10 :: Eqp #F51,2.0,[#10] Job #10 :: Eqp #F63,2.0,[#10] Job #10 :: Eqp #F69,2.0,[#10] Job #11 :: Eqp #F01,675.0,[#10] Job #11 :: Eqp #F25,139.0,[#10] Job #11 :: Eqp #F34,2.0,[#10] Job #11 :: Eqp #F40,2.0,[#10] Job #11 :: Eqp #F51,42.0,[#10] Job #11 :: Eqp #F66,239.0,[#10] Job #12 :: Eqp #F10,36.0,[#10] Job #12 :: Eqp #F14,1382.0,[#10] Job #12 :: Eqp #F26,193.0,[#10] Job #12 :: Eqp #F18,2.0,[#10] Job #12 :: Eqp #F29,2.0,[#10] Job #12 :: Eqp #F49,2.0,[#10] Job #12 :: Eqp #F65,2.0,[#10] Job #12 :: Eqp #F69,2.0,[#10] Job #13 :: Eqp #F02,900.0,[#10] Job #13 :: Eqp #F28,2.0,[#10] Job #13 :: Eqp #F35,2.0,[#10] Job #13 :: Eqp #F52,2.0,[#10] Job #13 :: Eqp #F68,2.0,[#10] Job #13 :: Eqp #F71,203.0,[#10] Job #14 :: Eqp #F05,976.0,[#10] Job #14 :: Eqp #F27,2.0,[#10] Job #14 :: Eqp #F17,2.0,[#10] Job #14 :: Eqp #F30,199.0,[#10] Job #14 :: Eqp #F49,7.0,[#10] Job #14 :: Eqp #F55,2.0,[#10] Job #14 :: Eqp #F63,2.0,[#10] Job #15 :: Eqp #F03,115.0,[#10] Job #15 :: Eqp #F15,1439.0,[#10] Job #15 :: Eqp #F28,207.0,[#10] Job #15 :: Eqp #F19,2.0,[#10] Job #15 :: Eqp #F31,2.0,[#10] Job #15 :: Eqp #F50,2.0,[#10] Job #15 :: Eqp #F63,2.0,[#10] Job #16 :: Eqp #F04,121.0,[#10] Job #16 :: Eqp #F16,1562.0,[#10] Job #16 :: Eqp #F27,2.0,[#10] Job #16 :: Eqp #F17,2.0,[#10] Job #16 :: Eqp #F30,2.0,[#10] Job #16 :: Eqp #F40,2.0,[#10] Job #16 :: Eqp #F49,2.0,[#10] Job #16 :: Eqp #F55,2.0,[#10] Job #16 :: Eqp #F64,12.0,[#10] Job #17 :: Eqp #F10,1237.0,[#10] Job #17 :: Eqp #F11,743.0,[#10] Job #17 :: Eqp #F25,2.0,[#10] Job #17 :: Eqp #F18,2.0,[#10] Job #17 :: Eqp #F29,2.0,[#10] Job #17 :: Eqp #F40,2.0,[#10] Job #17 :: Eqp #F50,2.0,[#10] Job #17 :: Eqp #F56,2.0,[#10] Job #17 :: Eqp #F64,2.0,[#10] Job #17 :: Eqp #F69,2.0,[#10] Job #18 :: Eqp #F08,972.0,[#10] Job #18 :: Eqp #F26,2.0,[#10] Job #18 :: Eqp #F18,2.0,[#10] Job #18 :: Eqp #F31,2.0,[#10] Job #18 :: Eqp #F41,2.0,[#10] Job #18 :: Eqp #F50,2.0,[#10] Job #18 :: Eqp #F65,102.0,[#10] Job #19 :: Eqp #F03,1275.0,[#10] Job #19 :: Eqp #F13,731.0,[#10] Job #19 :: Eqp #F26,2.0,[#10] Job #19 :: Eqp #F17,2.0,[#10] Job #19 :: Eqp #F32,2.0,[#10] Job #19 :: Eqp #F49,2.0,[#10] Job #19 :: Eqp #F55,2.0,[#10] Job #19 :: Eqp #F63,2.0,[#10] Job #20 :: Eqp #F04,1225.0,[#10] Job #20 :: Eqp #F27,2.0,[#10] Job #20 :: Eqp #F17,2.0,[#10] Job #20 :: Eqp #F34,2.0,[#10] Job #20 :: Eqp #F49,2.0,[#10] Job #20 :: Eqp #F55,2.0,[#10] Job #20 :: Eqp #F63,2.0,[#10] Job #20 :: Eqp #F71,2.0
[#11] Job #10 :: Eqp #F10,653.0,[#11] Job #10 :: Eqp #F26,2.0,[#11] Job #10 :: Eqp #F32,2.0,[#11] Job #10 :: Eqp #F40,2.0,[#11] Job #10 :: Eqp #F49,2.0,[#11] Job #10 :: Eqp #F64,2.0,[#11] Job #10 :: Eqp #F70,2.0,[#11] Job #11 :: Eqp #F01,106.0,[#11] Job #11 :: Eqp #F14,1472.0,[#11] Job #11 :: Eqp #F26,2.0,[#11] Job #11 :: Eqp #F34,2.0,[#11] Job #11 :: Eqp #F40,2.0,[#11] Job #11 :: Eqp #F50,2.0,[#11] Job #11 :: Eqp #F55,2.0,[#11] Job #11 :: Eqp #F66,253.0,[#11] Job #12 :: Eqp #F09,647.0,[#11] Job #12 :: Eqp #F27,140.0,[#11] Job #12 :: Eqp #F33,23.0,[#11] Job #12 :: Eqp #F41,2.0,[#11] Job #12 :: Eqp #F49,2.0,[#11] Job #12 :: Eqp #F63,2.0,[#11] Job #12 :: Eqp #F70,2.0,[#11] Job #13 :: Eqp #F02,879.0,[#11] Job #13 :: Eqp #F25,2.0,[#11] Job #13 :: Eqp #F34,2.0,[#11] Job #13 :: Eqp #F40,2.0,[#11] Job #13 :: Eqp #F51,2.0,[#11] Job #13 :: Eqp #F55,2.0,[#11] Job #13 :: Eqp #F64,2.0,[#11] Job #13 :: Eqp #F69,2.0,[#11] Job #14 :: Eqp #F05,145.0,[#11] Job #14 :: Eqp #F15,1908.0,[#11] Job #14 :: Eqp #F26,2.0,[#11] Job #14 :: Eqp #F17,2.0,[#11] Job #14 :: Eqp #F30,2.0,[#11] Job #14 :: Eqp #F40,2.0,[#11] Job #14 :: Eqp #F49,2.0,[#11] Job #14 :: Eqp #F63,2.0,[#11] Job #15 :: Eqp #F03,120.0,[#11] Job #15 :: Eqp #F16,1693.0,[#11] Job #15 :: Eqp #F28,2.0,[#11] Job #15 :: Eqp #F18,2.0,[#11] Job #15 :: Eqp #F29,2.0,[#11] Job #15 :: Eqp #F49,2.0,[#11] Job #15 :: Eqp #F56,2.0,[#11] Job #15 :: Eqp #F65,2.0,[#11] Job #15 :: Eqp #F69,2.0,[#11] Job #16 :: Eqp #F04,940.0,[#11] Job #16 :: Eqp #F28,2.0,[#11] Job #16 :: Eqp #F17,2.0,[#11] Job #16 :: Eqp #F29,2.0,[#11] Job #16 :: Eqp #F40,2.0,[#11] Job #16 :: Eqp #F49,2.0,[#11] Job #16 :: Eqp #F63,2.0,[#11] Job #16 :: Eqp #F69,2.0,[#11] Job #17 :: Eqp #F07,1072.0,[#11] Job #17 :: Eqp #F26,2.0,[#11] Job #17 :: Eqp #F18,2.0,[#11] Job #17 :: Eqp #F30,2.0,[#11] Job #17 :: Eqp #F40,2.0,[#11] Job #17 :: Eqp #F50,2.0,[#11] Job #17 :: Eqp #F55,2.0,[#11] Job #17 :: Eqp #F65,132.0,[#11] Job #18 :: Eqp #F01,1114.0,[#11] Job #18 :: Eqp #F27,2.0,[#11] Job #18 :: Eqp #F20,2.0,[#11] Job #18 :: Eqp #F32,2.0,[#11] Job #18 :: Eqp #F41,2.0,[#11] Job #18 :: Eqp #F52,2.0,[#11] Job #18 :: Eqp #F63,2.0,[#11] Job #18 :: Eqp #F69,92.0,[#11] Job #19 :: Eqp #F03,1262.0,[#11] Job #19 :: Eqp #F13,835.0,[#11] Job #19 :: Eqp #F25,2.0,[#11] Job #19 :: Eqp #F18,2.0,[#11] Job #19 :: Eqp #F31,2.0,[#11] Job #19 :: Eqp #F40,2.0,[#11] Job #19 :: Eqp #F50,2.0,[#11] Job #19 :: Eqp #F55,2.0,[#11] Job #19 :: Eqp #F63,2.0,[#11] Job #20 :: Eqp #F05,1359.0,[#11] Job #20 :: Eqp #F28,2.0,[#11] Job #20 :: Eqp #F31,70.0,[#11] Job #20 :: Eqp #F51,2.0,[#11] Job #20 :: Eqp #F64,2.0,[#11] Job #20 :: Eqp #F70,2.0
[#12] Job #10 :: Eqp #F10,56.0,[#12] Job #10 :: Eqp #F26,2.0,[#12] Job #10 :: Eqp #F17,2.0,[#12] Job #10 :: Eqp #F30,2.0,[#12] Job #10 :: Eqp #F40,2.0,[#12] Job #10 :: Eqp #F49,83.0,[#12] Job #10 :: Eqp #F55,2.0,[#12] Job #10 :: Eqp #F65,2.0,[#12] Job #11 :: Eqp #F01,729.0,[#12] Job #11 :: Eqp #F13,471.0,[#12] Job #11 :: Eqp #F27,2.0,[#12] Job #11 :: Eqp #F33,2.0,[#12] Job #11 :: Eqp #F49,2.0,[#12] Job #11 :: Eqp #F56,2.0,[#12] Job #11 :: Eqp #F64,206.0,[#12] Job #12 :: Eqp #F02,108.0,[#12] Job #12 :: Eqp #F27,2.0,[#12] Job #12 :: Eqp #F19,2.0,[#12] Job #12 :: Eqp #F29,66.0,[#12] Job #12 :: Eqp #F40,2.0,[#12] Job #12 :: Eqp #F50,2.0,[#12] Job #12 :: Eqp #F56,2.0,[#12] Job #12 :: Eqp #F64,374.0,[#12] Job #13 :: Eqp #F05,978.0,[#12] Job #13 :: Eqp #F14,404.0,[#12] Job #13 :: Eqp #F27,2.0,[#12] Job #13 :: Eqp #F29,81.0,[#12] Job #13 :: Eqp #F50,2.0,[#12] Job #13 :: Eqp #F65,2.0,[#12] Job #13 :: Eqp #F69,534.0,[#12] Job #14 :: Eqp #F10,69.0,[#12] Job #14 :: Eqp #F28,2.0,[#12] Job #14 :: Eqp #F18,2.0,[#12] Job #14 :: Eqp #F31,2.0,[#12] Job #14 :: Eqp #F50,2.0,[#12] Job #14 :: Eqp #F64,2.0,[#12] Job #15 :: Eqp #F03,429.0,[#12] Job #15 :: Eqp #F26,193.0,[#12] Job #15 :: Eqp #F32,2.0,[#12] Job #15 :: Eqp #F49,2.0,[#12] Job #15 :: Eqp #F63,2.0,[#12] Job #16 :: Eqp #F06,980.0,[#12] Job #16 :: Eqp #F15,308.0,[#12] Job #16 :: Eqp #F25,2.0,[#12] Job #16 :: Eqp #F30,2.0,[#12] Job #16 :: Eqp #F40,2.0,[#12] Job #16 :: Eqp #F49,174.0,[#12] Job #16 :: Eqp #F55,2.0,[#12] Job #16 :: Eqp #F67,371.0,[#12] Job #17 :: Eqp #F04,1057.0,[#12] Job #17 :: Eqp #F12,409.0,[#12] Job #17 :: Eqp #F26,2.0,[#12] Job #17 :: Eqp #F31,2.0,[#12] Job #17 :: Eqp #F51,2.0,[#12] Job #17 :: Eqp #F56,2.0,[#12] Job #17 :: Eqp #F63,407.0,[#12] Job #18 :: Eqp #F08,1046.0,[#12] Job #18 :: Eqp #F16,475.0,[#12] Job #18 :: Eqp #F28,2.0,[#12] Job #18 :: Eqp #F34,2.0,[#12] Job #18 :: Eqp #F53,2.0,[#12] Job #18 :: Eqp #F57,2.0,[#12] Job #18 :: Eqp #F68,538.0,[#12] Job #19 :: Eqp #F10,1271.0,[#12] Job #19 :: Eqp #F13,719.0,[#12] Job #19 :: Eqp #F27,2.0,[#12] Job #19 :: Eqp #F29,2.0,[#12] Job #19 :: Eqp #F40,2.0,[#12] Job #19 :: Eqp #F50,2.0,[#12] Job #19 :: Eqp #F55,2.0,[#12] Job #19 :: Eqp #F63,2.0,[#12] Job #19 :: Eqp #F69,2.0,[#12] Job #20 :: Eqp #F02,1270.0,[#12] Job #20 :: Eqp #F11,581.0,[#12] Job #20 :: Eqp #F25,2.0,[#12] Job #20 :: Eqp #F30,2.0,[#12] Job #20 :: Eqp #F40,2.0,[#12] Job #20 :: Eqp #F49,2.0,[#12] Job #20 :: Eqp #F64,446.0
[#13] Job #10 :: Eqp #F10,749.0,[#13] Job #10 :: Eqp #F12,607.0,[#13] Job #10 :: Eqp #F27,2.0,[#13] Job #10 :: Eqp #F19,2.0,[#13] Job #10 :: Eqp #F32,3.0,[#13] Job #10 :: Eqp #F50,5.0,[#13] Job #10 :: Eqp #F63,2.0,[#13] Job #10 :: Eqp #F71,2.0,[#13] Job #11 :: Eqp #F01,917.0,[#13] Job #11 :: Eqp #F15,494.0,[#13] Job #11 :: Eqp #F28,2.0,[#13] Job #11 :: Eqp #F29,2.0,[#13] Job #11 :: Eqp #F40,2.0,[#13] Job #11 :: Eqp #F50,2.0,[#13] Job #11 :: Eqp #F56,2.0,[#13] Job #11 :: Eqp #F65,2.0,[#13] Job #11 :: Eqp #F70,2.0,[#13] Job #12 :: Eqp #F02,108.0,[#13] Job #12 :: Eqp #F27,2.0,[#13] Job #12 :: Eqp #F19,2.0,[#13] Job #12 :: Eqp #F31,2.0,[#13] Job #12 :: Eqp #F40,2.0,[#13] Job #12 :: Eqp #F49,2.0,[#13] Job #12 :: Eqp #F66,80.0,[#13] Job #12 :: Eqp #F72,36.0,[#13] Job #13 :: Eqp #F05,1088.0,[#13] Job #13 :: Eqp #F13,460.0,[#13] Job #13 :: Eqp #F25,141.0,[#13] Job #13 :: Eqp #F18,2.0,[#13] Job #13 :: Eqp #F33,2.0,[#13] Job #13 :: Eqp #F52,2.0,[#13] Job #13 :: Eqp #F66,181.0,[#13] Job #14 :: Eqp #F03,1190.0,[#13] Job #14 :: Eqp #F16,402.0,[#13] Job #14 :: Eqp #F26,2.0,[#13] Job #14 :: Eqp #F17,2.0,[#13] Job #14 :: Eqp #F30,2.0,[#13] Job #14 :: Eqp #F50,2.0,[#13] Job #14 :: Eqp #F64,129.0,[#13] Job #15 :: Eqp #F06,1350.0,[#13] Job #15 :: Eqp #F14,281.0,[#13] Job #15 :: Eqp #F27,2.0,[#13] Job #15 :: Eqp #F20,2.0,[#13] Job #15 :: Eqp #F34,2.0,[#13] Job #15 :: Eqp #F51,2.0,[#13] Job #15 :: Eqp #F55,2.0,[#13] Job #15 :: Eqp #F63,348.0,[#13] Job #16 :: Eqp #F04,1543.0,[#13] Job #16 :: Eqp #F11,461.0,[#13] Job #16 :: Eqp #F28,2.0,[#13] Job #16 :: Eqp #F31,2.0,[#13] Job #16 :: Eqp #F50,2.0,[#13] Job #16 :: Eqp #F56,2.0,[#13] Job #16 :: Eqp #F67,140.0,[#13] Job #17 :: Eqp #F07,154.0,[#13] Job #17 :: Eqp #F28,203.0,[#13] Job #17 :: Eqp #F29,66.0,[#13] Job #17 :: Eqp #F50,2.0,[#13] Job #17 :: Eqp #F65,2.0,[#13] Job #18 :: Eqp #F08,1638.0,[#13] Job #18 :: Eqp #F12,120.0,[#13] Job #18 :: Eqp #F26,2.0,[#13] Job #18 :: Eqp #F29,2.0,[#13] Job #18 :: Eqp #F40,2.0,[#13] Job #18 :: Eqp #F49,2.0,[#13] Job #18 :: Eqp #F65,226.0,[#13] Job #19 :: Eqp #F02,447.0,[#13] Job #19 :: Eqp #F27,2.0,[#13] Job #19 :: Eqp #F33,2.0,[#13] Job #19 :: Eqp #F52,2.0,[#13] Job #19 :: Eqp #F67,236.0,[#13] Job #19 :: Eqp #F71,2.0,[#13] Job #20 :: Eqp #F07,798.0,[#13] Job #20 :: Eqp #F27,2.0,[#13] Job #20 :: Eqp #F31,2.0,[#13] Job #20 :: Eqp #F40,2.0,[#13] Job #20 :: Eqp #F51,2.0,[#13] Job #20 :: Eqp #F64,235.0
[#14] Job #10 :: Eqp #F10,1026.0,[#14] Job #10 :: Eqp #F12,648.0,[#14] Job #10 :: Eqp #F28,2.0,[#14] Job #10 :: Eqp #F18,2.0,[#14] Job #10 :: Eqp #F31,2.0,[#14] Job #10 :: Eqp #F40,2.0,[#14] Job #10 :: Eqp #F51,2.0,[#14] Job #10 :: Eqp #F65,2.0,[#14] Job #10 :: Eqp #F72,377.0,[#14] Job #11 :: Eqp #F01,1112.0,[#14] Job #11 :: Eqp #F15,540.0,[#14] Job #11 :: Eqp #F27,2.0,[#14] Job #11 :: Eqp #F17,2.0,[#14] Job #11 :: Eqp #F30,2.0,[#14] Job #11 :: Eqp #F50,2.0,[#14] Job #11 :: Eqp #F64,328.0,[#14] Job #12 :: Eqp #F02,108.0,[#14] Job #12 :: Eqp #F27,64.0,[#14] Job #12 :: Eqp #F17,2.0,[#14] Job #12 :: Eqp #F33,2.0,[#14] Job #12 :: Eqp #F51,88.0,[#14] Job #12 :: Eqp #F57,2.0,[#14] Job #12 :: Eqp #F63,215.0,[#14] Job #13 :: Eqp #F05,145.0,[#14] Job #13 :: Eqp #F28,2.0,[#14] Job #13 :: Eqp #F18,2.0,[#14] Job #13 :: Eqp #F32,2.0,[#14] Job #13 :: Eqp #F50,2.0,[#14] Job #13 :: Eqp #F63,2.0,[#14] Job #13 :: Eqp #F69,2.0,[#14] Job #14 :: Eqp #F03,451.0,[#14] Job #14 :: Eqp #F26,2.0,[#14] Job #14 :: Eqp #F31,2.0,[#14] Job #14 :: Eqp #F52,2.0,[#14] Job #14 :: Eqp #F56,2.0,[#14] Job #14 :: Eqp #F65,2.0,[#14] Job #15 :: Eqp #F06,1143.0,[#14] Job #15 :: Eqp #F13,612.0,[#14] Job #15 :: Eqp #F25,2.0,[#14] Job #15 :: Eqp #F19,2.0,[#14] Job #15 :: Eqp #F34,2.0,[#14] Job #15 :: Eqp #F50,2.0,[#14] Job #15 :: Eqp #F56,2.0,[#14] Job #15 :: Eqp #F66,471.0,[#14] Job #16 :: Eqp #F04,557.0,[#14] Job #16 :: Eqp #F28,2.0,[#14] Job #16 :: Eqp #F30,2.0,[#14] Job #16 :: Eqp #F40,2.0,[#14] Job #16 :: Eqp #F50,2.0,[#14] Job #16 :: Eqp #F66,2.0,[#14] Job #16 :: Eqp #F69,377.0,[#14] Job #17 :: Eqp #F07,613.0,[#14] Job #17 :: Eqp #F27,2.0,[#14] Job #17 :: Eqp #F35,2.0,[#14] Job #17 :: Eqp #F40,2.0,[#14] Job #17 :: Eqp #F52,2.0,[#14] Job #17 :: Eqp #F55,2.0,[#14] Job #17 :: Eqp #F65,291.0,[#14] Job #18 :: Eqp #F08,1408.0,[#14] Job #18 :: Eqp #F16,683.0,[#14] Job #18 :: Eqp #F27,2.0,[#14] Job #18 :: Eqp #F33,111.0,[#14] Job #18 :: Eqp #F52,2.0,[#14] Job #18 :: Eqp #F55,2.0,[#14] Job #18 :: Eqp #F63,592.0,[#14] Job #19 :: Eqp #F02,815.0,[#14] Job #19 :: Eqp #F26,194.0,[#14] Job #19 :: Eqp #F29,2.0,[#14] Job #19 :: Eqp #F41,2.0,[#14] Job #19 :: Eqp #F49,2.0,[#14] Job #19 :: Eqp #F64,4.0,[#14] Job #19 :: Eqp #F69,572.0,[#14] Job #20 :: Eqp #F05,1481.0,[#14] Job #20 :: Eqp #F14,433.0,[#14] Job #20 :: Eqp #F28,2.0,[#14] Job #20 :: Eqp #F32,2.0,[#14] Job #20 :: Eqp #F40,2.0,[#14] Job #20 :: Eqp #F49,2.0,[#14] Job #20 :: Eqp #F57,2.0,[#14] Job #20 :: Eqp #F67,423.0
[#15] Job #10 :: Eqp #F10,412.0,[#15] Job #10 :: Eqp #F25,2.0,[#15] Job #10 :: Eqp #F19,2.0,[#15] Job #10 :: Eqp #F30,2.0,[#15] Job #10 :: Eqp #F50,2.0,[#15] Job #10 :: Eqp #F66,2.0,[#15] Job #11 :: Eqp #F01,483.0,[#15] Job #11 :: Eqp #F27,2.0,[#15] Job #11 :: Eqp #F29,2.0,[#15] Job #11 :: Eqp #F40,2.0,[#15] Job #11 :: Eqp #F49,2.0,[#15] Job #11 :: Eqp #F65,2.0,[#15] Job #11 :: Eqp #F69,119.0,[#15] Job #12 :: Eqp #F02,112.0,[#15] Job #12 :: Eqp #F16,1239.0,[#15] Job #12 :: Eqp #F26,2.0,[#15] Job #12 :: Eqp #F18,2.0,[#15] Job #12 :: Eqp #F32,2.0,[#15] Job #12 :: Eqp #F50,2.0,[#15] Job #12 :: Eqp #F55,2.0,[#15] Job #12 :: Eqp #F65,2.0,[#15] Job #12 :: Eqp #F70,102.0,[#15] Job #13 :: Eqp #F05,506.0,[#15] Job #13 :: Eqp #F28,2.0,[#15] Job #13 :: Eqp #F17,2.0,[#15] Job #13 :: Eqp #F32,2.0,[#15] Job #13 :: Eqp #F49,2.0,[#15] Job #13 :: Eqp #F64,2.0,[#15] Job #13 :: Eqp #F70,2.0,[#15] Job #14 :: Eqp #F03,1119.0,[#15] Job #14 :: Eqp #F11,735.0,[#15] Job #14 :: Eqp #F28,2.0,[#15] Job #14 :: Eqp #F34,217.0,[#15] Job #14 :: Eqp #F50,2.0,[#15] Job #14 :: Eqp #F55,2.0,[#15] Job #14 :: Eqp #F63,2.0,[#15] Job #14 :: Eqp #F69,2.0,[#15] Job #15 :: Eqp #F09,583.0,[#15] Job #15 :: Eqp #F26,2.0,[#15] Job #15 :: Eqp #F18,2.0,[#15] Job #15 :: Eqp #F29,2.0,[#15] Job #15 :: Eqp #F40,2.0,[#15] Job #15 :: Eqp #F49,2.0,[#15] Job #15 :: Eqp #F63,2.0,[#15] Job #15 :: Eqp #F69,2.0,[#15] Job #16 :: Eqp #F06,821.0,[#15] Job #16 :: Eqp #F25,2.0,[#15] Job #16 :: Eqp #F19,2.0,[#15] Job #16 :: Eqp #F30,2.0,[#15] Job #16 :: Eqp #F40,2.0,[#15] Job #16 :: Eqp #F49,2.0,[#15] Job #16 :: Eqp #F55,2.0,[#15] Job #16 :: Eqp #F65,186.0,[#15] Job #17 :: Eqp #F04,868.0,[#15] Job #17 :: Eqp #F27,2.0,[#15] Job #17 :: Eqp #F31,2.0,[#15] Job #17 :: Eqp #F41,2.0,[#15] Job #17 :: Eqp #F50,2.0,[#15] Job #17 :: Eqp #F64,2.0,[#15] Job #17 :: Eqp #F70,2.0,[#15] Job #18 :: Eqp #F07,1254.0,[#15] Job #18 :: Eqp #F15,502.0,[#15] Job #18 :: Eqp #F27,2.0,[#15] Job #18 :: Eqp #F33,2.0,[#15] Job #18 :: Eqp #F40,2.0,[#15] Job #18 :: Eqp #F49,2.0,[#15] Job #18 :: Eqp #F55,2.0,[#15] Job #18 :: Eqp #F63,7.0,[#15] Job #18 :: Eqp #F71,2.0,[#15] Job #19 :: Eqp #F08,1537.0,[#15] Job #19 :: Eqp #F13,2.0,[#15] Job #19 :: Eqp #F26,2.0,[#15] Job #19 :: Eqp #F31,2.0,[#15] Job #19 :: Eqp #F51,2.0,[#15] Job #19 :: Eqp #F56,4.0,[#15] Job #19 :: Eqp #F64,2.0,[#15] Job #20 :: Eqp #F02,847.0,[#15] Job #20 :: Eqp #F28,2.0,[#15] Job #20 :: Eqp #F17,2.0,[#15] Job #20 :: Eqp #F32,2.0,[#15] Job #20 :: Eqp #F51,2.0,[#15] Job #20 :: Eqp #F65,2.0
[#16] Job #10 :: Eqp #F10,56.0,[#16] Job #10 :: Eqp #F13,1064.0,[#16] Job #10 :: Eqp #F28,208.0,[#16] Job #10 :: Eqp #F29,2.0,[#16] Job #10 :: Eqp #F40,2.0,[#16] Job #10 :: Eqp #F49,2.0,[#16] Job #10 :: Eqp #F65,88.0,[#16] Job #11 :: Eqp #F01,106.0,[#16] Job #11 :: Eqp #F14,1156.0,[#16] Job #11 :: Eqp #F27,2.0,[#16] Job #11 :: Eqp #F17,2.0,[#16] Job #11 :: Eqp #F31,2.0,[#16] Job #11 :: Eqp #F40,2.0,[#16] Job #11 :: Eqp #F49,2.0,[#16] Job #11 :: Eqp #F66,91.0,[#16] Job #12 :: Eqp #F09,67.0,[#16] Job #12 :: Eqp #F15,1212.0,[#16] Job #12 :: Eqp #F25,195.0,[#16] Job #12 :: Eqp #F33,2.0,[#16] Job #12 :: Eqp #F50,2.0,[#16] Job #12 :: Eqp #F63,197.0,[#16] Job #13 :: Eqp #F02,648.0,[#16] Job #13 :: Eqp #F25,2.0,[#16] Job #13 :: Eqp #F30,2.0,[#16] Job #13 :: Eqp #F40,2.0,[#16] Job #13 :: Eqp #F50,2.0,[#16] Job #13 :: Eqp #F56,2.0,[#16] Job #13 :: Eqp #F63,2.0,[#16] Job #13 :: Eqp #F69,2.0,[#16] Job #14 :: Eqp #F05,72.0,[#16] Job #14 :: Eqp #F16,1372.0,[#16] Job #14 :: Eqp #F26,197.0,[#16] Job #14 :: Eqp #F30,2.0,[#16] Job #14 :: Eqp #F50,2.0,[#16] Job #14 :: Eqp #F55,2.0,[#16] Job #14 :: Eqp #F64,2.0,[#16] Job #14 :: Eqp #F69,2.0,[#16] Job #15 :: Eqp #F10,1067.0,[#16] Job #15 :: Eqp #F12,752.0,[#16] Job #15 :: Eqp #F27,2.0,[#16] Job #15 :: Eqp #F18,2.0,[#16] Job #15 :: Eqp #F30,2.0,[#16] Job #15 :: Eqp #F50,2.0,[#16] Job #15 :: Eqp #F63,2.0,[#16] Job #15 :: Eqp #F69,2.0,[#16] Job #16 :: Eqp #F03,857.0,[#16] Job #16 :: Eqp #F28,2.0,[#16] Job #16 :: Eqp #F17,2.0,[#16] Job #16 :: Eqp #F30,2.0,[#16] Job #16 :: Eqp #F49,2.0,[#16] Job #16 :: Eqp #F55,2.0,[#16] Job #16 :: Eqp #F66,2.0,[#16] Job #16 :: Eqp #F71,2.0,[#16] Job #17 :: Eqp #F04,1121.0,[#16] Job #17 :: Eqp #F11,615.0,[#16] Job #17 :: Eqp #F28,2.0,[#16] Job #17 :: Eqp #F17,2.0,[#16] Job #17 :: Eqp #F29,2.0,[#16] Job #17 :: Eqp #F49,83.0,[#16] Job #17 :: Eqp #F65,2.0,[#16] Job #18 :: Eqp #F09,1398.0,[#16] Job #18 :: Eqp #F13,441.0,[#16] Job #18 :: Eqp #F25,2.0,[#16] Job #18 :: Eqp #F19,2.0,[#16] Job #18 :: Eqp #F31,2.0,[#16] Job #18 :: Eqp #F40,2.0,[#16] Job #18 :: Eqp #F51,2.0,[#16] Job #18 :: Eqp #F55,2.0,[#16] Job #18 :: Eqp #F63,2.0,[#16] Job #18 :: Eqp #F69,2.0,[#16] Job #19 :: Eqp #F01,863.0,[#16] Job #19 :: Eqp #F27,2.0,[#16] Job #19 :: Eqp #F31,2.0,[#16] Job #19 :: Eqp #F50,2.0,[#16] Job #19 :: Eqp #F55,2.0,[#16] Job #19 :: Eqp #F64,2.0,[#16] Job #20 :: Eqp #F05,1363.0,[#16] Job #20 :: Eqp #F14,703.0,[#16] Job #20 :: Eqp #F26,2.0,[#16] Job #20 :: Eqp #F17,2.0,[#16] Job #20 :: Eqp #F29,2.0,[#16] Job #20 :: Eqp #F49,2.0,[#16] Job #20 :: Eqp #F56,2.0,[#16] Job #20 :: Eqp #F64,2.0,[#16] Job #20 :: Eqp #F70,2.0
[#17] Job #10 :: Eqp #F10,65.0,[#17] Job #10 :: Eqp #F27,2.0,[#17] Job #10 :: Eqp #F17,2.0,[#17] Job #10 :: Eqp #F30,68.0,[#17] Job #10 :: Eqp #F40,2.0,[#17] Job #10 :: Eqp #F50,2.0,[#17] Job #10 :: Eqp #F64,283.0,[#17] Job #11 :: Eqp #F01,1118.0,[#17] Job #11 :: Eqp #F13,328.0,[#17] Job #11 :: Eqp #F25,195.0,[#17] Job #11 :: Eqp #F17,2.0,[#17] Job #11 :: Eqp #F29,2.0,[#17] Job #11 :: Eqp #F49,2.0,[#17] Job #11 :: Eqp #F55,2.0,[#17] Job #11 :: Eqp #F63,2.0,[#17] Job #12 :: Eqp #F02,1132.0,[#17] Job #12 :: Eqp #F12,500.0,[#17] Job #12 :: Eqp #F28,2.0,[#17] Job #12 :: Eqp #F30,2.0,[#17] Job #12 :: Eqp #F49,2.0,[#17] Job #12 :: Eqp #F63,29.0,[#17] Job #13 :: Eqp #F05,145.0,[#17] Job #13 :: Eqp #F28,2.0,[#17] Job #13 :: Eqp #F29,2.0,[#17] Job #13 :: Eqp #F49,2.0,[#17] Job #13 :: Eqp #F55,2.0,[#17] Job #13 :: Eqp #F63,2.0,[#17] Job #13 :: Eqp #F69,2.0,[#17] Job #14 :: Eqp #F03,1272.0,[#17] Job #14 :: Eqp #F14,442.0,[#17] Job #14 :: Eqp #F26,2.0,[#17] Job #14 :: Eqp #F31,2.0,[#17] Job #14 :: Eqp #F40,2.0,[#17] Job #14 :: Eqp #F50,2.0,[#17] Job #14 :: Eqp #F64,2.0,[#17] Job #15 :: Eqp #F10,389.0,[#17] Job #15 :: Eqp #F27,2.0,[#17] Job #15 :: Eqp #F32,2.0,[#17] Job #15 :: Eqp #F43,2.0,[#17] Job #15 :: Eqp #F52,2.0,[#17] Job #15 :: Eqp #F67,56.0,[#17] Job #16 :: Eqp #F06,473.0,[#17] Job #16 :: Eqp #F25,193.0,[#17] Job #16 :: Eqp #F34,2.0,[#17] Job #16 :: Eqp #F50,2.0,[#17] Job #16 :: Eqp #F56,2.0,[#17] Job #16 :: Eqp #F67,2.0,[#17] Job #16 :: Eqp #F71,2.0,[#17] Job #17 :: Eqp #F04,492.0,[#17] Job #17 :: Eqp #F26,2.0,[#17] Job #17 :: Eqp #F35,2.0,[#17] Job #17 :: Eqp #F40,2.0,[#17] Job #17 :: Eqp #F53,2.0,[#17] Job #17 :: Eqp #F63,2.0,[#17] Job #18 :: Eqp #F07,1362.0,[#17] Job #18 :: Eqp #F15,358.0,[#17] Job #18 :: Eqp #F27,2.0,[#17] Job #18 :: Eqp #F18,2.0,[#17] Job #18 :: Eqp #F30,2.0,[#17] Job #18 :: Eqp #F40,2.0,[#17] Job #18 :: Eqp #F49,2.0,[#17] Job #18 :: Eqp #F55,2.0,[#17] Job #18 :: Eqp #F63,2.0,[#17] Job #18 :: Eqp #F69,2.0,[#17] Job #19 :: Eqp #F08,543.0,[#17] Job #19 :: Eqp #F28,2.0,[#17] Job #19 :: Eqp #F29,2.0,[#17] Job #19 :: Eqp #F40,2.0,[#17] Job #19 :: Eqp #F54,2.0,[#17] Job #19 :: Eqp #F55,2.0,[#17] Job #19 :: Eqp #F65,2.0,[#17] Job #19 :: Eqp #F70,2.0,[#17] Job #20 :: Eqp #F05,1423.0,[#17] Job #20 :: Eqp #F16,524.0,[#17] Job #20 :: Eqp #F25,9.0,[#17] Job #20 :: Eqp #F17,4.0,[#17] Job #20 :: Eqp #F29,2.0,[#17] Job #20 :: Eqp #F40,2.0,[#17] Job #20 :: Eqp #F49,2.0,[#17] Job #20 :: Eqp #F55,2.0,[#17] Job #20 :: Eqp #F63,2.0
[#18] Job #10 :: Eqp #F10,65.0,[#18] Job #10 :: Eqp #F15,710.0,[#18] Job #10 :: Eqp #F28,2.0,[#18] Job #10 :: Eqp #F17,2.0,[#18] Job #10 :: Eqp #F31,2.0,[#18] Job #10 :: Eqp #F40,2.0,[#18] Job #10 :: Eqp #F49,2.0,[#18] Job #10 :: Eqp #F55,4.0,[#18] Job #10 :: Eqp #F63,175.0,[#18] Job #10 :: Eqp #F71,300.0,[#18] Job #11 :: Eqp #F01,470.0,[#18] Job #11 :: Eqp #F27,2.0,[#18] Job #11 :: Eqp #F33,2.0,[#18] Job #11 :: Eqp #F40,2.0,[#18] Job #11 :: Eqp #F54,61.0,[#18] Job #11 :: Eqp #F58,2.0,[#18] Job #11 :: Eqp #F63,2.0,[#18] Job #11 :: Eqp #F70,2.0,[#18] Job #12 :: Eqp #F02,112.0,[#18] Job #12 :: Eqp #F16,902.0,[#18] Job #12 :: Eqp #F26,229.0,[#18] Job #12 :: Eqp #F20,2.0,[#18] Job #12 :: Eqp #F31,2.0,[#18] Job #12 :: Eqp #F40,2.0,[#18] Job #12 :: Eqp #F51,2.0,[#18] Job #12 :: Eqp #F66,2.0,[#18] Job #13 :: Eqp #F05,604.0,[#18] Job #13 :: Eqp #F11,640.0,[#18] Job #13 :: Eqp #F28,2.0,[#18] Job #13 :: Eqp #F17,2.0,[#18] Job #13 :: Eqp #F33,109.0,[#18] Job #13 :: Eqp #F40,2.0,[#18] Job #13 :: Eqp #F51,2.0,[#18] Job #13 :: Eqp #F63,96.0,[#18] Job #14 :: Eqp #F03,878.0,[#18] Job #14 :: Eqp #F13,585.0,[#18] Job #14 :: Eqp #F25,2.0,[#18] Job #14 :: Eqp #F30,2.0,[#18] Job #14 :: Eqp #F40,2.0,[#18] Job #14 :: Eqp #F50,2.0,[#18] Job #14 :: Eqp #F65,108.0,[#18] Job #15 :: Eqp #F10,932.0,[#18] Job #15 :: Eqp #F15,416.0,[#18] Job #15 :: Eqp #F27,2.0,[#18] Job #15 :: Eqp #F18,2.0,[#18] Job #15 :: Eqp #F34,2.0,[#18] Job #15 :: Eqp #F49,2.0,[#18] Job #15 :: Eqp #F56,2.0,[#18] Job #15 :: Eqp #F66,304.0,[#18] Job #16 :: Eqp #F06,1027.0,[#18] Job #16 :: Eqp #F12,536.0,[#18] Job #16 :: Eqp #F26,2.0,[#18] Job #16 :: Eqp #F32,2.0,[#18] Job #16 :: Eqp #F50,2.0,[#18] Job #16 :: Eqp #F55,2.0,[#18] Job #16 :: Eqp #F64,229.0,[#18] Job #17 :: Eqp #F04,424.0,[#18] Job #17 :: Eqp #F25,2.0,[#18] Job #17 :: Eqp #F17,2.0,[#18] Job #17 :: Eqp #F32,2.0,[#18] Job #17 :: Eqp #F40,2.0,[#18] Job #17 :: Eqp #F51,2.0,[#18] Job #17 :: Eqp #F56,2.0,[#18] Job #17 :: Eqp #F63,2.0,[#18] Job #18 :: Eqp #F07,1203.0,[#18] Job #18 :: Eqp #F14,557.0,[#18] Job #18 :: Eqp #F28,2.0,[#18] Job #18 :: Eqp #F17,2.0,[#18] Job #18 :: Eqp #F30,2.0,[#18] Job #18 :: Eqp #F40,2.0,[#18] Job #18 :: Eqp #F49,2.0,[#18] Job #18 :: Eqp #F55,2.0,[#18] Job #18 :: Eqp #F63,2.0,[#18] Job #19 :: Eqp #F08,1336.0,[#18] Job #19 :: Eqp #F16,502.0,[#18] Job #19 :: Eqp #F27,2.0,[#18] Job #19 :: Eqp #F29,2.0,[#18] Job #19 :: Eqp #F40,2.0,[#18] Job #19 :: Eqp #F49,2.0,[#18] Job #19 :: Eqp #F65,2.0,[#18] Job #19 :: Eqp #F69,2.0,[#18] Job #20 :: Eqp #F02,656.0,[#18] Job #20 :: Eqp #F26,2.0,[#18] Job #20 :: Eqp #F19,2.0,[#18] Job #20 :: Eqp #F30,2.0,[#18] Job #20 :: Eqp #F50,2.0,[#18] Job #20 :: Eqp #F56,2.0,[#18] Job #20 :: Eqp #F66,2.0,[#18] Job #20 :: Eqp #F69,2.0
[#19] Job #10 :: Eqp #F10,70.0,[#19] Job #10 :: Eqp #F28,202.0,[#19] Job #10 :: Eqp #F19,2.0,[#19] Job #10 :: Eqp #F29,2.0,[#19] Job #10 :: Eqp #F51,2.0,[#19] Job #10 :: Eqp #F66,2.0,[#19] Job #11 :: Eqp #F01,991.0,[#19] Job #11 :: Eqp #F11,595.0,[#19] Job #11 :: Eqp #F28,2.0,[#19] Job #11 :: Eqp #F17,2.0,[#19] Job #11 :: Eqp #F32,2.0,[#19] Job #11 :: Eqp #F49,2.0,[#19] Job #11 :: Eqp #F63,68.0,[#19] Job #11 :: Eqp #F69,2.0,[#19] Job #12 :: Eqp #F02,1159.0,[#19] Job #12 :: Eqp #F12,586.0,[#19] Job #12 :: Eqp #F27,2.0,[#19] Job #12 :: Eqp #F31,2.0,[#19] Job #12 :: Eqp #F51,2.0,[#19] Job #12 :: Eqp #F66,96.0,[#19] Job #12 :: Eqp #F71,32.0,[#19] Job #13 :: Eqp #F05,447.0,[#19] Job #13 :: Eqp #F27,2.0,[#19] Job #13 :: Eqp #F17,2.0,[#19] Job #13 :: Eqp #F30,2.0,[#19] Job #13 :: Eqp #F51,42.0,[#19] Job #13 :: Eqp #F55,2.0,[#19] Job #13 :: Eqp #F67,2.0,[#19] Job #13 :: Eqp #F71,158.0,[#19] Job #14 :: Eqp #F03,1166.0,[#19] Job #14 :: Eqp #F16,494.0,[#19] Job #14 :: Eqp #F26,2.0,[#19] Job #14 :: Eqp #F30,2.0,[#19] Job #14 :: Eqp #F40,2.0,[#19] Job #14 :: Eqp #F50,2.0,[#19] Job #14 :: Eqp #F55,2.0,[#19] Job #14 :: Eqp #F64,2.0,[#19] Job #14 :: Eqp #F70,2.0,[#19] Job #15 :: Eqp #F09,373.0,[#19] Job #15 :: Eqp #F25,169.0,[#19] Job #15 :: Eqp #F32,2.0,[#19] Job #15 :: Eqp #F40,2.0,[#19] Job #15 :: Eqp #F50,2.0,[#19] Job #15 :: Eqp #F63,2.0,[#19] Job #15 :: Eqp #F70,115.0,[#19] Job #16 :: Eqp #F10,412.0,[#19] Job #16 :: Eqp #F26,2.0,[#19] Job #16 :: Eqp #F33,2.0,[#19] Job #16 :: Eqp #F49,2.0,[#19] Job #16 :: Eqp #F67,2.0,[#19] Job #16 :: Eqp #F69,2.0,[#19] Job #17 :: Eqp #F06,693.0,[#19] Job #17 :: Eqp #F28,2.0,[#19] Job #17 :: Eqp #F34,2.0,[#19] Job #17 :: Eqp #F49,2.0,[#19] Job #17 :: Eqp #F64,261.0,[#19] Job #18 :: Eqp #F04,1453.0,[#19] Job #18 :: Eqp #F15,195.0,[#19] Job #18 :: Eqp #F25,2.0,[#19] Job #18 :: Eqp #F29,2.0,[#19] Job #18 :: Eqp #F49,2.0,[#19] Job #18 :: Eqp #F65,187.0,[#19] Job #19 :: Eqp #F07,1438.0,[#19] Job #19 :: Eqp #F13,501.0,[#19] Job #19 :: Eqp #F28,2.0,[#19] Job #19 :: Eqp #F33,2.0,[#19] Job #19 :: Eqp #F40,2.0,[#19] Job #19 :: Eqp #F49,2.0,[#19] Job #19 :: Eqp #F55,2.0,[#19] Job #19 :: Eqp #F63,2.0,[#19] Job #20 :: Eqp #F08,844.0,[#19] Job #20 :: Eqp #F26,2.0,[#19] Job #20 :: Eqp #F17,2.0,[#19] Job #20 :: Eqp #F30,2.0,[#19] Job #20 :: Eqp #F40,2.0,[#19] Job #20 :: Eqp #F50,2.0,[#19] Job #20 :: Eqp #F66,2.0,[#19] Job #20 :: Eqp #F71,2.0
[#20] Job #10 :: Eqp #F10,444.0,[#20] Job #10 :: Eqp #F12,317.0,[#20] Job #10 :: Eqp #F28,2.0,[#20] Job #10 :: Eqp #F19,2.0,[#20] Job #10 :: Eqp #F29,131.0,[#20] Job #10 :: Eqp #F40,2.0,[#20] Job #10 :: Eqp #F50,2.0,[#20] Job #10 :: Eqp #F66,189.0,[#20] Job #10 :: Eqp #F71,2.0,[#20] Job #11 :: Eqp #F01,551.0,[#20] Job #11 :: Eqp #F13,481.0,[#20] Job #11 :: Eqp #F27,2.0,[#20] Job #11 :: Eqp #F18,2.0,[#20] Job #11 :: Eqp #F30,2.0,[#20] Job #11 :: Eqp #F51,117.0,[#20] Job #11 :: Eqp #F65,322.0,[#20] Job #11 :: Eqp #F70,2.0,[#20] Job #12 :: Eqp #F02,577.0,[#20] Job #12 :: Eqp #F15,395.0,[#20] Job #12 :: Eqp #F26,2.0,[#20] Job #12 :: Eqp #F31,2.0,[#20] Job #12 :: Eqp #F51,67.0,[#20] Job #12 :: Eqp #F63,2.0,[#20] Job #12 :: Eqp #F69,2.0,[#20] Job #13 :: Eqp #F05,817.0,[#20] Job #13 :: Eqp #F14,454.0,[#20] Job #13 :: Eqp #F28,2.0,[#20] Job #13 :: Eqp #F35,2.0,[#20] Job #13 :: Eqp #F52,126.0,[#20] Job #13 :: Eqp #F68,2.0,[#20] Job #13 :: Eqp #F69,2.0,[#20] Job #14 :: Eqp #F03,867.0,[#20] Job #14 :: Eqp #F16,237.0,[#20] Job #14 :: Eqp #F25,2.0,[#20] Job #14 :: Eqp #F34,2.0,[#20] Job #14 :: Eqp #F41,2.0,[#20] Job #14 :: Eqp #F49,2.0,[#20] Job #14 :: Eqp #F67,85.0,[#20] Job #15 :: Eqp #F06,916.0,[#20] Job #15 :: Eqp #F11,559.0,[#20] Job #15 :: Eqp #F26,2.0,[#20] Job #15 :: Eqp #F32,2.0,[#20] Job #15 :: Eqp #F40,2.0,[#20] Job #15 :: Eqp #F50,2.0,[#20] Job #15 :: Eqp #F56,2.0,[#20] Job #15 :: Eqp #F64,57.0,[#20] Job #16 :: Eqp #F04,117.0,[#20] Job #16 :: Eqp #F27,140.0,[#20] Job #16 :: Eqp #F30,2.0,[#20] Job #16 :: Eqp #F49,2.0,[#20] Job #16 :: Eqp #F55,2.0,[#20] Job #16 :: Eqp #F64,2.0,[#20] Job #17 :: Eqp #F07,978.0,[#20] Job #17 :: Eqp #F12,499.0,[#20] Job #17 :: Eqp #F27,2.0,[#20] Job #17 :: Eqp #F17,2.0,[#20] Job #17 :: Eqp #F30,2.0,[#20] Job #17 :: Eqp #F40,2.0,[#20] Job #17 :: Eqp #F49,2.0,[#20] Job #17 :: Eqp #F55,2.0,[#20] Job #17 :: Eqp #F63,2.0,[#20] Job #18 :: Eqp #F08,1158.0,[#20] Job #18 :: Eqp #F13,211.0,[#20] Job #18 :: Eqp #F25,2.0,[#20] Job #18 :: Eqp #F31,2.0,[#20] Job #18 :: Eqp #F40,2.0,[#20] Job #18 :: Eqp #F49,2.0,[#20] Job #18 :: Eqp #F55,2.0,[#20] Job #18 :: Eqp #F63,148.0,[#20] Job #19 :: Eqp #F04,1197.0,[#20] Job #19 :: Eqp #F15,448.0,[#20] Job #19 :: Eqp #F28,2.0,[#20] Job #19 :: Eqp #F18,2.0,[#20] Job #19 :: Eqp #F31,2.0,[#20] Job #19 :: Eqp #F40,2.0,[#20] Job #19 :: Eqp #F51,2.0,[#20] Job #19 :: Eqp #F56,2.0,[#20] Job #19 :: Eqp #F64,2.0,[#20] Job #19 :: Eqp #F69,2.0,[#20] Job #20 :: Eqp #F09,1226.0,[#20] Job #20 :: Eqp #F16,558.0,[#20] Job #20 :: Eqp #F25,2.0,[#20] Job #20 :: Eqp #F29,2.0,[#20] Job #20 :: Eqp #F41,2.0,[#20] Job #20 :: Eqp #F50,2.0,[#20] Job #20 :: Eqp #F55,2.0,[#20] Job #20 :: Eqp #F65,2.0,[#20] Job #20 :: Eqp #F70,2.0
[#21] Job #10 :: Eqp #F10,56.0,[#21] Job #10 :: Eqp #F14,956.0,[#21] Job #10 :: Eqp #F26,2.0,[#21] Job #10 :: Eqp #F31,2.0,[#21] Job #10 :: Eqp #F49,2.0,[#21] Job #10 :: Eqp #F55,68.0,[#21] Job #10 :: Eqp #F63,2.0,[#21] Job #10 :: Eqp #F69,2.0,[#21] Job #11 :: Eqp #F01,641.0,[#21] Job #11 :: Eqp #F26,172.0,[#21] Job #11 :: Eqp #F17,2.0,[#21] Job #11 :: Eqp #F32,2.0,[#21] Job #11 :: Eqp #F40,2.0,[#21] Job #11 :: Eqp #F50,2.0,[#21] Job #11 :: Eqp #F56,2.0,[#21] Job #11 :: Eqp #F65,2.0,[#21] Job #11 :: Eqp #F70,98.0,[#21] Job #12 :: Eqp #F02,648.0,[#21] Job #12 :: Eqp #F25,2.0,[#21] Job #12 :: Eqp #F18,2.0,[#21] Job #12 :: Eqp #F29,2.0,[#21] Job #12 :: Eqp #F50,2.0,[#21] Job #12 :: Eqp #F64,2.0,[#21] Job #13 :: Eqp #F05,141.0,[#21] Job #13 :: Eqp #F15,1308.0,[#21] Job #13 :: Eqp #F25,195.0,[#21] Job #13 :: Eqp #F18,2.0,[#21] Job #13 :: Eqp #F30,2.0,[#21] Job #13 :: Eqp #F50,2.0,[#21] Job #13 :: Eqp #F63,399.0,[#21] Job #14 :: Eqp #F10,69.0,[#21] Job #14 :: Eqp #F16,1235.0,[#21] Job #14 :: Eqp #F27,2.0,[#21] Job #14 :: Eqp #F29,2.0,[#21] Job #14 :: Eqp #F49,2.0,[#21] Job #14 :: Eqp #F56,2.0,[#21] Job #14 :: Eqp #F63,2.0,[#21] Job #14 :: Eqp #F69,329.0,[#21] Job #15 :: Eqp #F03,1041.0,[#21] Job #15 :: Eqp #F11,513.0,[#21] Job #15 :: Eqp #F28,2.0,[#21] Job #15 :: Eqp #F17,2.0,[#21] Job #15 :: Eqp #F29,2.0,[#21] Job #15 :: Eqp #F49,2.0,[#21] Job #15 :: Eqp #F55,2.0,[#21] Job #15 :: Eqp #F64,2.0,[#21] Job #15 :: Eqp #F71,350.0,[#21] Job #16 :: Eqp #F06,1275.0,[#21] Job #16 :: Eqp #F14,381.0,[#21] Job #16 :: Eqp #F27,2.0,[#21] Job #16 :: Eqp #F19,2.0,[#21] Job #16 :: Eqp #F31,2.0,[#21] Job #16 :: Eqp #F49,2.0,[#21] Job #16 :: Eqp #F56,2.0,[#21] Job #16 :: Eqp #F65,2.0,[#21] Job #16 :: Eqp #F69,337.0,[#21] Job #17 :: Eqp #F04,1394.0,[#21] Job #17 :: Eqp #F12,490.0,[#21] Job #17 :: Eqp #F26,2.0,[#21] Job #17 :: Eqp #F20,2.0,[#21] Job #17 :: Eqp #F32,2.0,[#21] Job #17 :: Eqp #F40,2.0,[#21] Job #17 :: Eqp #F49,2.0,[#21] Job #17 :: Eqp #F64,403.0,[#21] Job #18 :: Eqp #F08,880.0,[#21] Job #18 :: Eqp #F28,2.0,[#21] Job #18 :: Eqp #F19,2.0,[#21] Job #18 :: Eqp #F30,2.0,[#21] Job #18 :: Eqp #F40,2.0,[#21] Job #18 :: Eqp #F49,2.0,[#21] Job #18 :: Eqp #F64,214.0,[#21] Job #19 :: Eqp #F10,1652.0,[#21] Job #19 :: Eqp #F16,326.0,[#21] Job #19 :: Eqp #F28,2.0,[#21] Job #19 :: Eqp #F17,2.0,[#21] Job #19 :: Eqp #F29,2.0,[#21] Job #19 :: Eqp #F50,2.0,[#21] Job #19 :: Eqp #F66,588.0,[#21] Job #20 :: Eqp #F05,997.0,[#21] Job #20 :: Eqp #F25,2.0,[#21] Job #20 :: Eqp #F18,2.0,[#21] Job #20 :: Eqp #F34,2.0,[#21] Job #20 :: Eqp #F51,2.0,[#21] Job #20 :: Eqp #F55,2.0,[#21] Job #20 :: Eqp #F65,278.0
[#22] Job #10 :: Eqp #F10,511.0,[#22] Job #10 :: Eqp #F28,2.0,[#22] Job #10 :: Eqp #F21,2.0,[#22] Job #10 :: Eqp #F34,2.0,[#22] Job #10 :: Eqp #F40,2.0,[#22] Job #10 :: Eqp #F50,2.0,[#22] Job #10 :: Eqp #F56,2.0,[#22] Job #10 :: Eqp #F65,297.0,[#22] Job #10 :: Eqp #F70,30.0,[#22] Job #11 :: Eqp #F01,106.0,[#22] Job #11 :: Eqp #F15,1368.0,[#22] Job #11 :: Eqp #F26,2.0,[#22] Job #11 :: Eqp #F18,2.0,[#22] Job #11 :: Eqp #F30,2.0,[#22] Job #11 :: Eqp #F40,2.0,[#22] Job #11 :: Eqp #F51,2.0,[#22] Job #11 :: Eqp #F63,112.0,[#22] Job #11 :: Eqp #F72,98.0,[#22] Job #12 :: Eqp #F02,593.0,[#22] Job #12 :: Eqp #F26,171.0,[#22] Job #12 :: Eqp #F33,2.0,[#22] Job #12 :: Eqp #F41,2.0,[#22] Job #12 :: Eqp #F51,2.0,[#22] Job #12 :: Eqp #F64,228.0,[#22] Job #12 :: Eqp #F69,2.0,[#22] Job #13 :: Eqp #F05,670.0,[#22] Job #13 :: Eqp #F25,2.0,[#22] Job #13 :: Eqp #F17,346.0,[#22] Job #13 :: Eqp #F30,2.0,[#22] Job #13 :: Eqp #F50,2.0,[#22] Job #13 :: Eqp #F66,2.0,[#22] Job #13 :: Eqp #F69,96.0,[#22] Job #14 :: Eqp #F03,120.0,[#22] Job #14 :: Eqp #F16,1851.0,[#22] Job #14 :: Eqp #F26,2.0,[#22] Job #14 :: Eqp #F32,2.0,[#22] Job #14 :: Eqp #F40,2.0,[#22] Job #14 :: Eqp #F50,2.0,[#22] Job #14 :: Eqp #F55,2.0,[#22] Job #14 :: Eqp #F63,28.0,[#22] Job #15 :: Eqp #F06,893.0,[#22] Job #15 :: Eqp #F27,2.0,[#22] Job #15 :: Eqp #F18,2.0,[#22] Job #15 :: Eqp #F29,171.0,[#22] Job #15 :: Eqp #F40,2.0,[#22] Job #15 :: Eqp #F54,21.0,[#22] Job #15 :: Eqp #F63,2.0,[#22] Job #16 :: Eqp #F04,910.0,[#22] Job #16 :: Eqp #F28,2.0,[#22] Job #16 :: Eqp #F19,2.0,[#22] Job #16 :: Eqp #F33,10.0,[#22] Job #16 :: Eqp #F42,2.0,[#22] Job #16 :: Eqp #F51,116.0,[#22] Job #16 :: Eqp #F55,2.0,[#22] Job #16 :: Eqp #F66,2.0,[#22] Job #16 :: Eqp #F71,2.0,[#22] Job #17 :: Eqp #F07,1035.0,[#22] Job #17 :: Eqp #F25,2.0,[#22] Job #17 :: Eqp #F20,2.0,[#22] Job #17 :: Eqp #F34,256.0,[#22] Job #17 :: Eqp #F52,2.0,[#22] Job #17 :: Eqp #F57,74.0,[#22] Job #17 :: Eqp #F67,2.0,[#22] Job #17 :: Eqp #F70,36.0,[#22] Job #18 :: Eqp #F01,1105.0,[#22] Job #18 :: Eqp #F26,2.0,[#22] Job #18 :: Eqp #F31,2.0,[#22] Job #18 :: Eqp #F41,2.0,[#22] Job #18 :: Eqp #F49,2.0,[#22] Job #18 :: Eqp #F56,2.0,[#22] Job #18 :: Eqp #F63,2.0,[#22] Job #18 :: Eqp #F70,2.0,[#22] Job #19 :: Eqp #F08,1261.0,[#22] Job #19 :: Eqp #F27,2.0,[#22] Job #19 :: Eqp #F32,2.0,[#22] Job #19 :: Eqp #F41,2.0,[#22] Job #19 :: Eqp #F53,2.0,[#22] Job #19 :: Eqp #F64,2.0,[#22] Job #20 :: Eqp #F03,1337.0,[#22] Job #20 :: Eqp #F11,779.0,[#22] Job #20 :: Eqp #F27,2.0,[#22] Job #20 :: Eqp #F17,2.0,[#22] Job #20 :: Eqp #F29,2.0,[#22] Job #20 :: Eqp #F40,2.0,[#22] Job #20 :: Eqp #F49,2.0,[#22] Job #20 :: Eqp #F63,2.0,[#22] Job #20 :: Eqp #F69,2.0
[#23] Job #10 :: Eqp #F10,412.0,[#23] Job #10 :: Eqp #F25,191.0,[#23] Job #10 :: Eqp #F33,2.0,[#23] Job #10 :: Eqp #F40,2.0,[#23] Job #10 :: Eqp #F49,129.0,[#23] Job #10 :: Eqp #F55,2.0,[#23] Job #10 :: Eqp #F64,2.0,[#23] Job #11 :: Eqp #F01,464.0,[#23] Job #11 :: Eqp #F26,2.0,[#23] Job #11 :: Eqp #F17,2.0,[#23] Job #11 :: Eqp #F29,2.0,[#23] Job #11 :: Eqp #F50,2.0,[#23] Job #11 :: Eqp #F56,2.0,[#23] Job #11 :: Eqp #F63,289.0,[#23] Job #11 :: Eqp #F69,2.0,[#23] Job #12 :: Eqp #F02,472.0,[#23] Job #12 :: Eqp #F27,2.0,[#23] Job #12 :: Eqp #F18,2.0,[#23] Job #12 :: Eqp #F30,2.0,[#23] Job #12 :: Eqp #F51,2.0,[#23] Job #12 :: Eqp #F63,2.0,[#23] Job #13 :: Eqp #F05,689.0,[#23] Job #13 :: Eqp #F28,2.0,[#23] Job #13 :: Eqp #F19,2.0,[#23] Job #13 :: Eqp #F31,2.0,[#23] Job #13 :: Eqp #F40,2.0,[#23] Job #13 :: Eqp #F49,2.0,[#23] Job #13 :: Eqp #F55,2.0,[#23] Job #13 :: Eqp #F64,2.0,[#23] Job #13 :: Eqp #F70,170.0,[#23] Job #14 :: Eqp #F03,120.0,[#23] Job #14 :: Eqp #F16,947.0,[#23] Job #14 :: Eqp #F27,2.0,[#23] Job #14 :: Eqp #F21,2.0,[#23] Job #14 :: Eqp #F35,2.0,[#23] Job #14 :: Eqp #F40,2.0,[#23] Job #14 :: Eqp #F51,2.0,[#23] Job #14 :: Eqp #F64,69.0,[#23] Job #15 :: Eqp #F09,938.0,[#23] Job #15 :: Eqp #F11,450.0,[#23] Job #15 :: Eqp #F28,2.0,[#23] Job #15 :: Eqp #F34,2.0,[#23] Job #15 :: Eqp #F53,2.0,[#23] Job #15 :: Eqp #F57,2.0,[#23] Job #15 :: Eqp #F63,394.0,[#23] Job #16 :: Eqp #F06,869.0,[#23] Job #16 :: Eqp #F26,2.0,[#23] Job #16 :: Eqp #F17,381.0,[#23] Job #16 :: Eqp #F29,2.0,[#23] Job #16 :: Eqp #F52,2.0,[#23] Job #16 :: Eqp #F66,2.0,[#23] Job #16 :: Eqp #F69,241.0,[#23] Job #17 :: Eqp #F04,1048.0,[#23] Job #17 :: Eqp #F15,486.0,[#23] Job #17 :: Eqp #F26,2.0,[#23] Job #17 :: Eqp #F18,2.0,[#23] Job #17 :: Eqp #F29,2.0,[#23] Job #17 :: Eqp #F40,2.0,[#23] Job #17 :: Eqp #F50,2.0,[#23] Job #17 :: Eqp #F64,334.0,[#23] Job #18 :: Eqp #F07,1186.0,[#23] Job #18 :: Eqp #F12,314.0,[#23] Job #18 :: Eqp #F27,2.0,[#23] Job #18 :: Eqp #F19,2.0,[#23] Job #18 :: Eqp #F32,2.0,[#23] Job #18 :: Eqp #F49,2.0,[#23] Job #18 :: Eqp #F56,2.0,[#23] Job #18 :: Eqp #F67,157.0,[#23] Job #19 :: Eqp #F08,1312.0,[#23] Job #19 :: Eqp #F13,567.0,[#23] Job #19 :: Eqp #F25,2.0,[#23] Job #19 :: Eqp #F31,2.0,[#23] Job #19 :: Eqp #F40,2.0,[#23] Job #19 :: Eqp #F51,2.0,[#23] Job #19 :: Eqp #F55,2.0,[#23] Job #19 :: Eqp #F65,2.0,[#23] Job #19 :: Eqp #F70,19.0,[#23] Job #20 :: Eqp #F03,1276.0,[#23] Job #20 :: Eqp #F16,508.0,[#23] Job #20 :: Eqp #F28,2.0,[#23] Job #20 :: Eqp #F17,4.0,[#23] Job #20 :: Eqp #F33,2.0,[#23] Job #20 :: Eqp #F49,2.0,[#23] Job #20 :: Eqp #F56,2.0,[#23] Job #20 :: Eqp #F63,2.0,[#23] Job #20 :: Eqp #F71,2.0
[#24] Job #10 :: Eqp #F10,70.0,[#24] Job #10 :: Eqp #F16,1202.0,[#24] Job #10 :: Eqp #F28,2.0,[#24] Job #10 :: Eqp #F32,2.0,[#24] Job #10 :: Eqp #F50,2.0,[#24] Job #10 :: Eqp #F58,2.0,[#24] Job #10 :: Eqp #F67,318.0,[#24] Job #11 :: Eqp #F01,446.0,[#24] Job #11 :: Eqp #F26,2.0,[#24] Job #11 :: Eqp #F18,2.0,[#24] Job #11 :: Eqp #F30,2.0,[#24] Job #11 :: Eqp #F40,2.0,[#24] Job #11 :: Eqp #F50,2.0,[#24] Job #11 :: Eqp #F66,2.0,[#24] Job #11 :: Eqp #F69,129.0,[#24] Job #12 :: Eqp #F02,1046.0,[#24] Job #12 :: Eqp #F11,520.0,[#24] Job #12 :: Eqp #F26,2.0,[#24] Job #12 :: Eqp #F19,2.0,[#24] Job #12 :: Eqp #F31,2.0,[#24] Job #12 :: Eqp #F40,2.0,[#24] Job #12 :: Eqp #F51,2.0,[#24] Job #12 :: Eqp #F64,258.0,[#24] Job #13 :: Eqp #F05,1238.0,[#24] Job #13 :: Eqp #F12,482.0,[#24] Job #13 :: Eqp #F28,2.0,[#24] Job #13 :: Eqp #F18,2.0,[#24] Job #13 :: Eqp #F29,2.0,[#24] Job #13 :: Eqp #F41,2.0,[#24] Job #13 :: Eqp #F51,6.0,[#24] Job #13 :: Eqp #F55,2.0,[#24] Job #13 :: Eqp #F63,2.0,[#24] Job #13 :: Eqp #F69,2.0,[#24] Job #14 :: Eqp #F03,454.0,[#24] Job #14 :: Eqp #F28,2.0,[#24] Job #14 :: Eqp #F32,2.0,[#24] Job #14 :: Eqp #F40,2.0,[#24] Job #14 :: Eqp #F50,2.0,[#24] Job #14 :: Eqp #F55,2.0,[#24] Job #14 :: Eqp #F64,2.0,[#24] Job #15 :: Eqp #F09,501.0,[#24] Job #15 :: Eqp #F25,2.0,[#24] Job #15 :: Eqp #F17,2.0,[#24] Job #15 :: Eqp #F34,2.0,[#24] Job #15 :: Eqp #F52,2.0,[#24] Job #15 :: Eqp #F55,2.0,[#24] Job #15 :: Eqp #F64,2.0,[#24] Job #16 :: Eqp #F10,1338.0,[#24] Job #16 :: Eqp #F13,566.0,[#24] Job #16 :: Eqp #F27,2.0,[#24] Job #16 :: Eqp #F20,2.0,[#24] Job #16 :: Eqp #F33,2.0,[#24] Job #16 :: Eqp #F50,16.0,[#24] Job #16 :: Eqp #F67,2.0,[#24] Job #17 :: Eqp #F06,1611.0,[#24] Job #17 :: Eqp #F16,480.0,[#24] Job #17 :: Eqp #F26,2.0,[#24] Job #17 :: Eqp #F32,2.0,[#24] Job #17 :: Eqp #F40,2.0,[#24] Job #17 :: Eqp #F49,2.0,[#24] Job #17 :: Eqp #F66,15.0,[#24] Job #17 :: Eqp #F69,34.0,[#24] Job #18 :: Eqp #F04,640.0,[#24] Job #18 :: Eqp #F27,2.0,[#24] Job #18 :: Eqp #F33,2.0,[#24] Job #18 :: Eqp #F49,2.0,[#24] Job #18 :: Eqp #F56,2.0,[#24] Job #18 :: Eqp #F63,203.0,[#24] Job #19 :: Eqp #F07,857.0,[#24] Job #19 :: Eqp #F26,2.0,[#24] Job #19 :: Eqp #F31,173.0,[#24] Job #19 :: Eqp #F40,2.0,[#24] Job #19 :: Eqp #F49,2.0,[#24] Job #19 :: Eqp #F55,2.0,[#24] Job #19 :: Eqp #F64,2.0,[#24] Job #19 :: Eqp #F70,269.0,[#24] Job #20 :: Eqp #F08,893.0,[#24] Job #20 :: Eqp #F28,2.0,[#24] Job #20 :: Eqp #F18,2.0,[#24] Job #20 :: Eqp #F30,2.0,[#24] Job #20 :: Eqp #F40,2.0,[#24] Job #20 :: Eqp #F49,2.0,[#24] Job #20 :: Eqp #F57,2.0,[#24] Job #20 :: Eqp #F66,121.0
[#25] Job #10 :: Eqp #F10,485.0,[#25] Job #10 :: Eqp #F27,2.0,[#25] Job #10 :: Eqp #F31,173.0,[#25] Job #10 :: Eqp #F49,2.0,[#25] Job #10 :: Eqp #F56,2.0,[#25] Job #10 :: Eqp #F64,2.0,[#25] Job #10 :: Eqp #F69,2.0,[#25] Job #11 :: Eqp #F01,618.0,[#25] Job #11 :: Eqp #F25,2.0,[#25] Job #11 :: Eqp #F17,2.0,[#25] Job #11 :: Eqp #F30,2.0,[#25] Job #11 :: Eqp #F41,2.0,[#25] Job #11 :: Eqp #F50,2.0,[#25] Job #11 :: Eqp #F64,2.0,[#25] Job #11 :: Eqp #F70,2.0,[#25] Job #12 :: Eqp #F02,625.0,[#25] Job #12 :: Eqp #F28,2.0,[#25] Job #12 :: Eqp #F18,2.0,[#25] Job #12 :: Eqp #F32,2.0,[#25] Job #12 :: Eqp #F40,2.0,[#25] Job #12 :: Eqp #F51,2.0,[#25] Job #12 :: Eqp #F56,2.0,[#25] Job #12 :: Eqp #F66,2.0,[#25] Job #12 :: Eqp #F69,2.0,[#25] Job #13 :: Eqp #F05,145.0,[#25] Job #13 :: Eqp #F16,1688.0,[#25] Job #13 :: Eqp #F25,2.0,[#25] Job #13 :: Eqp #F30,2.0,[#25] Job #13 :: Eqp #F40,2.0,[#25] Job #13 :: Eqp #F49,2.0,[#25] Job #13 :: Eqp #F66,2.0,[#25] Job #14 :: Eqp #F03,639.0,[#25] Job #14 :: Eqp #F26,2.0,[#25] Job #14 :: Eqp #F19,2.0,[#25] Job #14 :: Eqp #F33,47.0,[#25] Job #14 :: Eqp #F42,2.0,[#25] Job #14 :: Eqp #F52,2.0,[#25] Job #14 :: Eqp #F65,2.0,[#25] Job #15 :: Eqp #F09,834.0,[#25] Job #15 :: Eqp #F27,2.0,[#25] Job #15 :: Eqp #F29,2.0,[#25] Job #15 :: Eqp #F40,2.0,[#25] Job #15 :: Eqp #F49,2.0,[#25] Job #15 :: Eqp #F55,2.0,[#25] Job #15 :: Eqp #F63,2.0,[#25] Job #16 :: Eqp #F06,1068.0,[#25] Job #16 :: Eqp #F25,2.0,[#25] Job #16 :: Eqp #F17,2.0,[#25] Job #16 :: Eqp #F29,2.0,[#25] Job #16 :: Eqp #F50,2.0,[#25] Job #16 :: Eqp #F67,2.0,[#25] Job #16 :: Eqp #F69,2.0,[#25] Job #17 :: Eqp #F04,1088.0,[#25] Job #17 :: Eqp #F28,2.0,[#25] Job #17 :: Eqp #F18,2.0,[#25] Job #17 :: Eqp #F30,2.0,[#25] Job #17 :: Eqp #F40,2.0,[#25] Job #17 :: Eqp #F52,2.0,[#25] Job #17 :: Eqp #F56,2.0,[#25] Job #17 :: Eqp #F64,2.0,[#25] Job #18 :: Eqp #F07,1380.0,[#25] Job #18 :: Eqp #F11,604.0,[#25] Job #18 :: Eqp #F28,2.0,[#25] Job #18 :: Eqp #F32,2.0,[#25] Job #18 :: Eqp #F49,2.0,[#25] Job #18 :: Eqp #F63,2.0,[#25] Job #18 :: Eqp #F71,2.0,[#25] Job #19 :: Eqp #F08,1085.0,[#25] Job #19 :: Eqp #F26,2.0,[#25] Job #19 :: Eqp #F31,175.0,[#25] Job #19 :: Eqp #F40,2.0,[#25] Job #19 :: Eqp #F51,2.0,[#25] Job #19 :: Eqp #F55,2.0,[#25] Job #19 :: Eqp #F63,214.0,[#25] Job #19 :: Eqp #F70,2.0,[#25] Job #20 :: Eqp #F05,1635.0,[#25] Job #20 :: Eqp #F12,19.0,[#25] Job #20 :: Eqp #F26,2.0,[#25] Job #20 :: Eqp #F17,2.0,[#25] Job #20 :: Eqp #F29,2.0,[#25] Job #20 :: Eqp #F50,2.0,[#25] Job #20 :: Eqp #F64,2.0,[#25] Job #20 :: Eqp #F69,2.0
[#26] Job #10 :: Eqp #F10,451.0,[#26] Job #10 :: Eqp #F25,2.0,[#26] Job #10 :: Eqp #F32,2.0,[#26] Job #10 :: Eqp #F51,42.0,[#26] Job #10 :: Eqp #F65,2.0,[#26] Job #10 :: Eqp #F69,2.0,[#26] Job #11 :: Eqp #F01,110.0,[#26] Job #11 :: Eqp #F16,1316.0,[#26] Job #11 :: Eqp #F28,2.0,[#26] Job #11 :: Eqp #F17,2.0,[#26] Job #11 :: Eqp #F31,2.0,[#26] Job #11 :: Eqp #F51,2.0,[#26] Job #11 :: Eqp #F56,2.0,[#26] Job #11 :: Eqp #F64,2.0,[#26] Job #11 :: Eqp #F69,2.0,[#26] Job #12 :: Eqp #F02,471.0,[#26] Job #12 :: Eqp #F26,2.0,[#26] Job #12 :: Eqp #F33,2.0,[#26] Job #12 :: Eqp #F49,2.0,[#26] Job #12 :: Eqp #F66,2.0,[#26] Job #12 :: Eqp #F69,2.0,[#26] Job #13 :: Eqp #F05,527.0,[#26] Job #13 :: Eqp #F27,2.0,[#26] Job #13 :: Eqp #F17,2.0,[#26] Job #13 :: Eqp #F31,2.0,[#26] Job #13 :: Eqp #F40,2.0,[#26] Job #13 :: Eqp #F50,2.0,[#26] Job #13 :: Eqp #F55,2.0,[#26] Job #13 :: Eqp #F64,2.0,[#26] Job #13 :: Eqp #F70,2.0,[#26] Job #14 :: Eqp #F03,690.0,[#26] Job #14 :: Eqp #F28,2.0,[#26] Job #14 :: Eqp #F18,2.0,[#26] Job #14 :: Eqp #F29,2.0,[#26] Job #14 :: Eqp #F49,2.0,[#26] Job #14 :: Eqp #F56,2.0,[#26] Job #14 :: Eqp #F63,2.0,[#26] Job #15 :: Eqp #F09,1177.0,[#26] Job #15 :: Eqp #F11,461.0,[#26] Job #15 :: Eqp #F26,2.0,[#26] Job #15 :: Eqp #F18,2.0,[#26] Job #15 :: Eqp #F29,2.0,[#26] Job #15 :: Eqp #F40,2.0,[#26] Job #15 :: Eqp #F49,2.0,[#26] Job #15 :: Eqp #F66,2.0,[#26] Job #15 :: Eqp #F70,2.0,[#26] Job #16 :: Eqp #F06,860.0,[#26] Job #16 :: Eqp #F25,2.0,[#26] Job #16 :: Eqp #F30,2.0,[#26] Job #16 :: Eqp #F49,2.0,[#26] Job #16 :: Eqp #F63,2.0,[#26] Job #16 :: Eqp #F69,2.0,[#26] Job #17 :: Eqp #F04,1450.0,[#26] Job #17 :: Eqp #F13,509.0,[#26] Job #17 :: Eqp #F27,2.0,[#26] Job #17 :: Eqp #F17,2.0,[#26] Job #17 :: Eqp #F31,2.0,[#26] Job #17 :: Eqp #F50,2.0,[#26] Job #17 :: Eqp #F55,2.0,[#26] Job #17 :: Eqp #F63,2.0,[#26] Job #17 :: Eqp #F69,2.0,[#26] Job #18 :: Eqp #F07,869.0,[#26] Job #18 :: Eqp #F26,2.0,[#26] Job #18 :: Eqp #F17,2.0,[#26] Job #18 :: Eqp #F32,2.0,[#26] Job #18 :: Eqp #F49,2.0,[#26] Job #18 :: Eqp #F65,2.0,[#26] Job #18 :: Eqp #F69,2.0,[#26] Job #19 :: Eqp #F01,896.0,[#26] Job #19 :: Eqp #F27,2.0,[#26] Job #19 :: Eqp #F19,2.0,[#26] Job #19 :: Eqp #F31,2.0,[#26] Job #19 :: Eqp #F50,2.0,[#26] Job #19 :: Eqp #F66,2.0,[#26] Job #20 :: Eqp #F08,1341.0,[#26] Job #20 :: Eqp #F12,547.0,[#26] Job #20 :: Eqp #F28,2.0,[#26] Job #20 :: Eqp #F30,2.0,[#26] Job #20 :: Eqp #F50,2.0,[#26] Job #20 :: Eqp #F65,2.0,[#26] Job #20 :: Eqp #F69,2.0
[#27] Job #10 :: Eqp #F10,70.0,[#27] Job #10 :: Eqp #F16,707.0,[#27] Job #10 :: Eqp #F27,203.0,[#27] Job #10 :: Eqp #F18,2.0,[#27] Job #10 :: Eqp #F33,222.0,[#27] Job #10 :: Eqp #F41,2.0,[#27] Job #10 :: Eqp #F49,2.0,[#27] Job #10 :: Eqp #F68,2.0,[#27] Job #10 :: Eqp #F70,26.0,[#27] Job #11 :: Eqp #F01,1036.0,[#27] Job #11 :: Eqp #F11,528.0,[#27] Job #11 :: Eqp #F27,2.0,[#27] Job #11 :: Eqp #F17,2.0,[#27] Job #11 :: Eqp #F30,2.0,[#27] Job #11 :: Eqp #F40,2.0,[#27] Job #11 :: Eqp #F49,2.0,[#27] Job #11 :: Eqp #F56,2.0,[#27] Job #11 :: Eqp #F63,2.0,[#27] Job #12 :: Eqp #F02,410.0,[#27] Job #12 :: Eqp #F25,2.0,[#27] Job #12 :: Eqp #F18,2.0,[#27] Job #12 :: Eqp #F30,2.0,[#27] Job #12 :: Eqp #F51,42.0,[#27] Job #12 :: Eqp #F65,2.0,[#27] Job #12 :: Eqp #F69,183.0,[#27] Job #13 :: Eqp #F05,488.0,[#27] Job #13 :: Eqp #F28,2.0,[#27] Job #13 :: Eqp #F29,169.0,[#27] Job #13 :: Eqp #F40,2.0,[#27] Job #13 :: Eqp #F50,2.0,[#27] Job #13 :: Eqp #F55,2.0,[#27] Job #13 :: Eqp #F65,153.0,[#27] Job #14 :: Eqp #F03,1081.0,[#27] Job #14 :: Eqp #F16,447.0,[#27] Job #14 :: Eqp #F28,2.0,[#27] Job #14 :: Eqp #F34,2.0,[#27] Job #14 :: Eqp #F51,2.0,[#27] Job #14 :: Eqp #F66,2.0,[#27] Job #14 :: Eqp #F70,2.0,[#27] Job #15 :: Eqp #F09,1082.0,[#27] Job #15 :: Eqp #F15,629.0,[#27] Job #15 :: Eqp #F25,195.0,[#27] Job #15 :: Eqp #F18,2.0,[#27] Job #15 :: Eqp #F32,2.0,[#27] Job #15 :: Eqp #F49,2.0,[#27] Job #15 :: Eqp #F56,2.0,[#27] Job #15 :: Eqp #F63,2.0,[#27] Job #15 :: Eqp #F69,2.0,[#27] Job #16 :: Eqp #F10,1320.0,[#27] Job #16 :: Eqp #F12,689.0,[#27] Job #16 :: Eqp #F26,2.0,[#27] Job #16 :: Eqp #F31,2.0,[#27] Job #16 :: Eqp #F49,2.0,[#27] Job #16 :: Eqp #F55,2.0,[#27] Job #16 :: Eqp #F64,46.0,[#27] Job #17 :: Eqp #F06,493.0,[#27] Job #17 :: Eqp #F27,2.0,[#27] Job #17 :: Eqp #F19,2.0,[#27] Job #17 :: Eqp #F34,2.0,[#27] Job #17 :: Eqp #F52,2.0,[#27] Job #17 :: Eqp #F66,2.0,[#27] Job #17 :: Eqp #F70,437.0,[#27] Job #18 :: Eqp #F04,627.0,[#27] Job #18 :: Eqp #F26,2.0,[#27] Job #18 :: Eqp #F17,2.0,[#27] Job #18 :: Eqp #F31,2.0,[#27] Job #18 :: Eqp #F40,2.0,[#27] Job #18 :: Eqp #F50,2.0,[#27] Job #18 :: Eqp #F56,2.0,[#27] Job #18 :: Eqp #F64,123.0,[#27] Job #19 :: Eqp #F07,1616.0,[#27] Job #19 :: Eqp #F14,116.0,[#27] Job #19 :: Eqp #F28,2.0,[#27] Job #19 :: Eqp #F29,2.0,[#27] Job #19 :: Eqp #F41,2.0,[#27] Job #19 :: Eqp #F50,2.0,[#27] Job #19 :: Eqp #F65,73.0,[#27] Job #20 :: Eqp #F08,821.0,[#27] Job #20 :: Eqp #F25,195.0,[#27] Job #20 :: Eqp #F32,2.0,[#27] Job #20 :: Eqp #F40,2.0,[#27] Job #20 :: Eqp #F49,2.0,[#27] Job #20 :: Eqp #F55,2.0,[#27] Job #20 :: Eqp #F65,263.0
[#28] Job #10 :: Eqp #F10,56.0,[#28] Job #10 :: Eqp #F14,1568.0,[#28] Job #10 :: Eqp #F26,2.0,[#28] Job #10 :: Eqp #F20,2.0,[#28] Job #10 :: Eqp #F32,2.0,[#28] Job #10 :: Eqp #F40,2.0,[#28] Job #10 :: Eqp #F49,2.0,[#28] Job #10 :: Eqp #F65,2.0,[#28] Job #11 :: Eqp #F01,106.0,[#28] Job #11 :: Eqp #F15,1668.0,[#28] Job #11 :: Eqp #F28,4.0,[#28] Job #11 :: Eqp #F17,2.0,[#28] Job #11 :: Eqp #F29,2.0,[#28] Job #11 :: Eqp #F42,2.0,[#28] Job #11 :: Eqp #F49,2.0,[#28] Job #11 :: Eqp #F64,2.0,[#28] Job #12 :: Eqp #F02,112.0,[#28] Job #12 :: Eqp #F16,1878.0,[#28] Job #12 :: Eqp #F26,2.0,[#28] Job #12 :: Eqp #F31,2.0,[#28] Job #12 :: Eqp #F40,2.0,[#28] Job #12 :: Eqp #F50,2.0,[#28] Job #12 :: Eqp #F63,4.0,[#28] Job #12 :: Eqp #F69,2.0,[#28] Job #13 :: Eqp #F05,570.0,[#28] Job #13 :: Eqp #F25,2.0,[#28] Job #13 :: Eqp #F30,171.0,[#28] Job #13 :: Eqp #F50,2.0,[#28] Job #13 :: Eqp #F65,2.0,[#28] Job #13 :: Eqp #F70,103.0,[#28] Job #14 :: Eqp #F10,620.0,[#28] Job #14 :: Eqp #F26,2.0,[#28] Job #14 :: Eqp #F17,2.0,[#28] Job #14 :: Eqp #F29,2.0,[#28] Job #14 :: Eqp #F50,2.0,[#28] Job #14 :: Eqp #F66,20.0,[#28] Job #15 :: Eqp #F03,901.0,[#28] Job #15 :: Eqp #F28,2.0,[#28] Job #15 :: Eqp #F18,2.0,[#28] Job #15 :: Eqp #F30,2.0,[#28] Job #15 :: Eqp #F50,2.0,[#28] Job #15 :: Eqp #F55,2.0,[#28] Job #15 :: Eqp #F65,226.0,[#28] Job #15 :: Eqp #F69,2.0,[#28] Job #16 :: Eqp #F06,1621.0,[#28] Job #16 :: Eqp #F11,552.0,[#28] Job #16 :: Eqp #F27,2.0,[#28] Job #16 :: Eqp #F34,2.0,[#28] Job #16 :: Eqp #F52,126.0,[#28] Job #16 :: Eqp #F65,2.0,[#28] Job #16 :: Eqp #F69,241.0,[#28] Job #17 :: Eqp #F04,999.0,[#28] Job #17 :: Eqp #F25,2.0,[#28] Job #17 :: Eqp #F17,2.0,[#28] Job #17 :: Eqp #F33,2.0,[#28] Job #17 :: Eqp #F40,2.0,[#28] Job #17 :: Eqp #F50,2.0,[#28] Job #17 :: Eqp #F63,2.0,[#28] Job #17 :: Eqp #F70,2.0,[#28] Job #18 :: Eqp #F07,1010.0,[#28] Job #18 :: Eqp #F27,2.0,[#28] Job #18 :: Eqp #F31,2.0,[#28] Job #18 :: Eqp #F49,2.0,[#28] Job #18 :: Eqp #F64,284.0,[#28] Job #19 :: Eqp #F01,1047.0,[#28] Job #19 :: Eqp #F26,2.0,[#28] Job #19 :: Eqp #F32,2.0,[#28] Job #19 :: Eqp #F40,2.0,[#28] Job #19 :: Eqp #F49,2.0,[#28] Job #19 :: Eqp #F56,2.0,[#28] Job #19 :: Eqp #F66,2.0,[#28] Job #20 :: Eqp #F02,1292.0,[#28] Job #20 :: Eqp #F28,2.0,[#28] Job #20 :: Eqp #F17,2.0,[#28] Job #20 :: Eqp #F29,2.0,[#28] Job #20 :: Eqp #F49,2.0,[#28] Job #20 :: Eqp #F55,2.0,[#28] Job #20 :: Eqp #F63,68.0,[#28] Job #20 :: Eqp #F69,2.0
[#29] Job #10 :: Eqp #F10,451.0,[#29] Job #10 :: Eqp #F27,2.0,[#29] Job #10 :: Eqp #F18,2.0,[#29] Job #10 :: Eqp #F29,2.0,[#29] Job #10 :: Eqp #F49,2.0,[#29] Job #10 :: Eqp #F55,2.0,[#29] Job #10 :: Eqp #F63,2.0,[#29] Job #11 :: Eqp #F01,106.0,[#29] Job #11 :: Eqp #F15,1409.0,[#29] Job #11 :: Eqp #F25,2.0,[#29] Job #11 :: Eqp #F29,2.0,[#29] Job #11 :: Eqp #F40,2.0,[#29] Job #11 :: Eqp #F53,2.0,[#29] Job #11 :: Eqp #F66,2.0,[#29] Job #11 :: Eqp #F69,2.0,[#29] Job #12 :: Eqp #F02,482.0,[#29] Job #12 :: Eqp #F28,2.0,[#29] Job #12 :: Eqp #F33,2.0,[#29] Job #12 :: Eqp #F49,2.0,[#29] Job #12 :: Eqp #F56,2.0,[#29] Job #12 :: Eqp #F64,2.0,[#29] Job #12 :: Eqp #F69,2.0,[#29] Job #13 :: Eqp #F05,145.0,[#29] Job #13 :: Eqp #F16,1490.0,[#29] Job #13 :: Eqp #F26,2.0,[#29] Job #13 :: Eqp #F17,2.0,[#29] Job #13 :: Eqp #F29,2.0,[#29] Job #13 :: Eqp #F49,2.0,[#29] Job #13 :: Eqp #F56,2.0,[#29] Job #13 :: Eqp #F66,2.0,[#29] Job #14 :: Eqp #F03,1364.0,[#29] Job #14 :: Eqp #F12,382.0,[#29] Job #14 :: Eqp #F28,2.0,[#29] Job #14 :: Eqp #F35,2.0,[#29] Job #14 :: Eqp #F50,2.0,[#29] Job #14 :: Eqp #F57,2.0,[#29] Job #14 :: Eqp #F65,2.0,[#29] Job #14 :: Eqp #F70,77.0,[#29] Job #15 :: Eqp #F06,570.0,[#29] Job #15 :: Eqp #F25,169.0,[#29] Job #15 :: Eqp #F17,2.0,[#29] Job #15 :: Eqp #F32,2.0,[#29] Job #15 :: Eqp #F50,2.0,[#29] Job #15 :: Eqp #F56,2.0,[#29] Job #15 :: Eqp #F66,2.0,[#29] Job #15 :: Eqp #F69,79.0,[#29] Job #16 :: Eqp #F04,804.0,[#29] Job #16 :: Eqp #F26,2.0,[#29] Job #16 :: Eqp #F18,2.0,[#29] Job #16 :: Eqp #F29,2.0,[#29] Job #16 :: Eqp #F51,2.0,[#29] Job #16 :: Eqp #F57,2.0,[#29] Job #16 :: Eqp #F67,32.0,[#29] Job #17 :: Eqp #F07,840.0,[#29] Job #17 :: Eqp #F27,2.0,[#29] Job #17 :: Eqp #F19,2.0,[#29] Job #17 :: Eqp #F30,2.0,[#29] Job #17 :: Eqp #F49,2.0,[#29] Job #17 :: Eqp #F63,2.0,[#29] Job #18 :: Eqp #F01,834.0,[#29] Job #18 :: Eqp #F28,2.0,[#29] Job #18 :: Eqp #F31,2.0,[#29] Job #18 :: Eqp #F49,83.0,[#29] Job #18 :: Eqp #F55,2.0,[#29] Job #18 :: Eqp #F64,2.0,[#29] Job #19 :: Eqp #F08,1154.0,[#29] Job #19 :: Eqp #F25,2.0,[#29] Job #19 :: Eqp #F17,2.0,[#29] Job #19 :: Eqp #F32,2.0,[#29] Job #19 :: Eqp #F40,2.0,[#29] Job #19 :: Eqp #F51,2.0,[#29] Job #19 :: Eqp #F63,30.0,[#29] Job #20 :: Eqp #F05,1309.0,[#29] Job #20 :: Eqp #F11,581.0,[#29] Job #20 :: Eqp #F25,2.0,[#29] Job #20 :: Eqp #F30,2.0,[#29] Job #20 :: Eqp #F40,2.0,[#29] Job #20 :: Eqp #F49,2.0,[#29] Job #20 :: Eqp #F63,2.0
[#30] Job #10 :: Eqp #F10,664.0,[#30] Job #10 :: Eqp #F26,171.0,[#30] Job #10 :: Eqp #F17,2.0,[#30] Job #10 :: Eqp #F31,2.0,[#30] Job #10 :: Eqp #F41,2.0,[#30] Job #10 :: Eqp #F50,2.0,[#30] Job #10 :: Eqp #F55,2.0,[#30] Job #10 :: Eqp #F63,2.0,[#30] Job #10 :: Eqp #F69,53.0,[#30] Job #11 :: Eqp #F01,106.0,[#30] Job #11 :: Eqp #F13,1646.0,[#30] Job #11 :: Eqp #F26,2.0,[#30] Job #11 :: Eqp #F31,2.0,[#30] Job #11 :: Eqp #F40,2.0,[#30] Job #11 :: Eqp #F49,2.0,[#30] Job #11 :: Eqp #F63,2.0,[#30] Job #11 :: Eqp #F69,2.0,[#30] Job #12 :: Eqp #F02,52.0,[#30] Job #12 :: Eqp #F14,1386.0,[#30] Job #12 :: Eqp #F25,2.0,[#30] Job #12 :: Eqp #F29,2.0,[#30] Job #12 :: Eqp #F40,4.0,[#30] Job #12 :: Eqp #F49,2.0,[#30] Job #12 :: Eqp #F64,2.0,[#30] Job #12 :: Eqp #F70,2.0,[#30] Job #13 :: Eqp #F05,938.0,[#30] Job #13 :: Eqp #F28,2.0,[#30] Job #13 :: Eqp #F18,2.0,[#30] Job #13 :: Eqp #F33,2.0,[#30] Job #13 :: Eqp #F40,2.0,[#30] Job #13 :: Eqp #F51,2.0,[#30] Job #13 :: Eqp #F56,2.0,[#30] Job #13 :: Eqp #F67,2.0,[#30] Job #13 :: Eqp #F71,2.0,[#30] Job #14 :: Eqp #F03,934.0,[#30] Job #14 :: Eqp #F27,2.0,[#30] Job #14 :: Eqp #F29,2.0,[#30] Job #14 :: Eqp #F49,2.0,[#30] Job #14 :: Eqp #F55,2.0,[#30] Job #14 :: Eqp #F63,112.0,[#30] Job #15 :: Eqp #F04,121.0,[#30] Job #15 :: Eqp #F15,1597.0,[#30] Job #15 :: Eqp #F27,2.0,[#30] Job #15 :: Eqp #F17,2.0,[#30] Job #15 :: Eqp #F33,2.0,[#30] Job #15 :: Eqp #F50,2.0,[#30] Job #15 :: Eqp #F66,2.0,[#30] Job #15 :: Eqp #F71,2.0,[#30] Job #16 :: Eqp #F07,155.0,[#30] Job #16 :: Eqp #F16,1763.0,[#30] Job #16 :: Eqp #F25,2.0,[#30] Job #16 :: Eqp #F29,2.0,[#30] Job #16 :: Eqp #F40,2.0,[#30] Job #16 :: Eqp #F49,2.0,[#30] Job #16 :: Eqp #F65,2.0,[#30] Job #16 :: Eqp #F69,2.0,[#30] Job #17 :: Eqp #F02,983.0,[#30] Job #17 :: Eqp #F25,2.0,[#30] Job #17 :: Eqp #F30,2.0,[#30] Job #17 :: Eqp #F40,2.0,[#30] Job #17 :: Eqp #F49,2.0,[#30] Job #17 :: Eqp #F55,2.0,[#30] Job #17 :: Eqp #F64,2.0,[#30] Job #18 :: Eqp #F01,1176.0,[#30] Job #18 :: Eqp #F26,2.0,[#30] Job #18 :: Eqp #F32,2.0,[#30] Job #18 :: Eqp #F40,2.0,[#30] Job #18 :: Eqp #F49,2.0,[#30] Job #18 :: Eqp #F66,2.0,[#30] Job #18 :: Eqp #F70,2.0,[#30] Job #19 :: Eqp #F04,1301.0,[#30] Job #19 :: Eqp #F27,2.0,[#30] Job #19 :: Eqp #F17,2.0,[#30] Job #19 :: Eqp #F30,2.0,[#30] Job #19 :: Eqp #F50,2.0,[#30] Job #19 :: Eqp #F65,2.0,[#30] Job #20 :: Eqp #F07,1334.0,[#30] Job #20 :: Eqp #F11,554.0,[#30] Job #20 :: Eqp #F26,2.0,[#30] Job #20 :: Eqp #F30,2.0,[#30] Job #20 :: Eqp #F49,2.0,[#30] Job #20 :: Eqp #F55,2.0,[#30] Job #20 :: Eqp #F63,2.0,[#30] Job #20 :: Eqp #F69,2.0
