[#1] GoCommands,83
[#2] GoCommands,85
[#3] GoCommands,66
[#4] GoCommands,66
[#5] GoCommands,89
[#6] GoCommands,92
[#7] GoCommands,76
[#8] GoCommands,74
[#9] GoCommands,90
[#10] GoCommands,78
[#11] GoCommands,78
[#12] GoCommands,104
[#13] GoCommands,68
[#14] GoCommands,82
[#15] GoCommands,72
[#16] GoCommands,89
[#17] GoCommands,91
[#18] GoCommands,81
[#19] GoCommands,69
[#20] GoCommands,68
[#21] GoCommands,84
[#22] GoCommands,93
[#23] GoCommands,89
[#24] GoCommands,79
[#25] GoCommands,97
[#26] GoCommands,71
[#27] GoCommands,90
[#28] GoCommands,91
[#29] GoCommands,84
[#30] GoCommands,62
